Id,Label,Index_Year
權邦彥,權邦彥,1080
張鑄,張鑄,1000
張浚,張浚,1097
蔣堂,蔣堂,980
韓琦,韓琦,1008
呂公弼,呂公弼,1007
司馬光,司馬光,1019
孫覺,孫覺,1028
蔡京,蔡京,1047
王安石,王安石,1021
文彥博,文彥博,1006
楊時,楊時,1053
晏殊,晏殊,991
程頤,程頤,1033
周希孟,周希孟,
朱熹,朱熹,1130
胡安國,胡安國,1074
胡瑗,胡瑗,993
李覯,李覯,1009
樓郁,樓郁,1023
陸九臯,陸九臯,1125
陸九淵,陸九淵,1139
邵雍,邵雍,1011
史彌遠,史彌遠,1164
蘇洵,蘇洵,1009
蘇軾,蘇軾,1036
魏了翁,魏了翁,1178
尹焞,尹焞,1071
陳襄,陳襄,1017
郭忠孝,郭忠孝,1063
呂希哲,呂希哲,1048
呂祖謙,呂祖謙,1137
黃庭堅,黃庭堅,1045
陳瓘,陳瓘,1057
張栻,張栻,1133
周必大,周必大,1126
秦檜,秦檜,1090
范仲淹,范仲淹,989
李綱,李綱,1083
李光,李光,1078
孫沔,孫沔,989
蔡元定,蔡元定,1135
吳澄,吳澄,1249
宋濂,宋濂,1310
朱震亨,朱震亨,1281
真德秀,真德秀,1178
賈似道,賈似道,1213
胡銓,胡銓,1102
楊萬里,楊萬里,1127
王十朋,王十朋,1112
林光朝,林光朝,1114
何基,何基,1188
金履祥,金履祥,1232
許謙,許謙,1270
饒魯,饒魯,1193
岳珂,岳珂,1183
包揚,包揚,1152
李石,李石,1108
陳淳,陳淳,1159
林亦之,林亦之,1093
黃績,黃績,1196
汪藻,汪藻,1079
趙,趙,1187
張載,張載,1020
劉子翬,劉子翬,1101
王庭珪,王庭珪,1080
張九成,張九成,1092
林立之,林立之,1145
張行成,張行成,1102
楊簡,楊簡,1141
宋白,宋白,936
徐僑,徐僑,1160
石介,石介,1005
柳開,柳開,947
文天祥,文天祥,1236
李方子,李方子,1184
孫復,孫復,992
王應麟,王應麟,1223
陸九齡,陸九齡,1132
方岳,方岳,1199
孫時,孫時,1064
竇儼,竇儼,919
曾穜,曾穜,1120
陳藻,陳藻,
謝枋得,謝枋得,1225
柳貫,柳貫,1270
張以寧,張以寧,1301
胡斗元,胡斗元,1224
金幼孜,金幼孜,1368
吳溥,吳溥,1370
釋道潛,釋道潛,
樂雷發,樂雷發,
毌昭裔,毌昭裔,891
劉炎,劉炎,
于世封,于世封,1059
王國望,王國望,1232
王壽卿,王壽卿,1060
張子覺,張子覺,
劉若川,劉若川,1073
史清卿,史清卿,
史漸,史漸,1116
蔡和,蔡和,
朱震,朱震,1072
周弼,周弼,
釋惟清,釋惟清,
釋從諫,釋從諫,
釋智海,釋智海,1009
釋宗杲,釋宗杲,1089
杜範,杜範,1182
釋海印,釋海印,1032
釋悟新,釋悟新,
馬伸,馬伸,1066
楊子嘉,楊子嘉,
李端行,李端行,1079
何子舉,何子舉,1203
胡處邦,胡處邦,
何源,何源,1193
黃裳,黃裳,1146
林復之,林復之,1151
方澤孺,方澤孺,
劉均,劉均,
柴元裕,柴元裕,
林師魯,林師魯,
高弁,高弁,966
蔡夢說,蔡夢說,
吳仁父,吳仁父,
陳駿,陳駿,1139
龐安仁,龐安仁,
楊溥,楊溥,1371
王艮,王艮,1278
陳璪,陳璪,
聞人夢吉,聞人夢吉,1293
釋果圜,釋果圜,1072
晁補之,晁補之,1049
張齊賢,張齊賢,943
蔣之奇,蔣之奇,1031
周葵,周葵,1098
周敦頤,周敦頤,1017
范純仁,范純仁,1027
范純粹,范純粹,1046
范百祿,范百祿,1030
許道寧,許道寧,
許元,許元,989
李常,李常,1027
李燾,李燾,1115
林之奇,林之奇,1112
劉彝,劉彝,1022
劉牧,劉牧,1011
劉述,劉述,1004
劉才邵,劉才邵,1086
歐陽修,歐陽修,1007
蘇轍,蘇轍,1039
宋祁,宋祁,998
曾幾,曾幾,1084
汪應辰,汪應辰,1118
王之望,王之望,1103
王珏,王珏,1112
王絲,王絲,989
王次翁,王次翁,1079
魏杞,魏杞,1121
吳潛,吳潛,1187
楊邦弼,楊邦弼,1112
晁詠之,晁詠之,1064
戚同文,戚同文,904
陳亮,陳亮,1143
陳師道,陳師道,1053
陳淵,陳淵,1082
程顥,程顥,1032
張孝祥,張孝祥,1132
張揆,張揆,986
周行己,周行己,1061
方逢辰,方逢辰,1221
胡寅,胡寅,1098
李之儀,李之儀,1052
劉顏,劉顏,993
陸游,陸游,1125
呂祖儉,呂祖儉,1135
嵇穎,嵇穎,997
范雩,范雩,1094
劉安世,劉安世,1048
梅堯臣,梅堯臣,1002
曾肇,曾肇,1047
王安國,王安國,1028
王葆,王葆,1098
楊億,楊億,974
尹洙,尹洙,1001
范成大,范成大,1126
范正平,范正平,1057
胡宏,胡宏,1106
李衡,李衡,1100
蘇紳,蘇紳,989
孫覿,孫覿,1081
曾鞏,曾鞏,1019
王蘋,王蘋,1082
趙鼎,趙鼎,1085
陸佃,陸佃,1040
張元素,張元素,
唐仲友,唐仲友,1136
許衡,許衡,1209
李杲,李杲,1180
蔡淵,蔡淵,1156
蔡杭,蔡杭,1193
洪天錫,洪天錫,1209
陳摶,陳摶,926
龐之慶,龐之慶,
文同,文同,1018
高閌,高閌,1097
袁章,袁章,1120
袁燮,袁燮,1144
沈銖,沈銖,1115
沈煥,沈煥,1139
焦瑗,焦瑗,
舒璘,舒璘,1136
鄭章,鄭章,1118
鄭清之,鄭清之,1176
樓昉,樓昉,1163
賈涉,賈涉,1183
陳著,陳著,1224
輔廣,輔廣,
薛季宣,薛季宣,1134
袁溉,袁溉,
薛翁,薛翁,
陳傅良,陳傅良,1137
鄭伯熊,鄭伯熊,1115
鄭邦彥,鄭邦彥,
林成季,林成季,
呂本中,呂本中,1084
王瀚,王瀚,1152
王柏,王柏,1197
黃溍,黃溍,1277
黃幹,黃幹,
葉適,葉適,1150
程珌,程珌,1164
包恢,包恢,1182
虞集,虞集,1272
歐陽玄,歐陽玄,1283
趙汸,趙汸,1319
黃澤,黃澤,1260
范仲黼,范仲黼,1148
李舜臣,李舜臣,1139
陳耆卿,陳耆卿,1180
梁克家,梁克家,1128
林希逸,林希逸,1205
黃靜,黃靜,1079
潘滋,潘滋,1138
潘柄,潘柄,1168
黃榦,黃榦,1152
鄭樵,鄭樵,1104
方暹,方暹,
劉康夫,劉康夫,1034
陳櫟,陳櫟,1252
蘇繹,蘇繹,1006
謝良佐,謝良佐,1039
劉韐,劉韐,1067
劉子羽,劉子羽,1097
劉勉之,劉勉之,1059
胡憲,胡憲,1086
游酢,游酢,1053
朱松,朱松,1097
韓駒,韓駒,1072
楊維禎,楊維禎,1296
謝逸,謝逸,1050
張耒,張耒,1054
胡晉侯,胡晉侯,1061
郭雍,郭雍,1091
蕭楚,蕭楚,1064
劉清之,劉清之,1134
謝諤,謝諤,1121
劉安世,劉安世,1100
詹阜民,詹阜民,1162
石牧之,石牧之,1015
鄭獬,鄭獬,1022
關注,關注,1105
高道充,高道充,1162
陸祐,陸祐,1094
吳子良,吳子良,1197
李廌,李廌,1059
种放,种放,952
王大寶,王大寶,1094
趙以夫,趙以夫,1189
劉垕,劉垕,1174
童居易,童居易,1187
林大中,林大中,1131
趙葵,趙葵,1186
周孚,周孚,1135
程若庸,程若庸,1238
曹涇,曹涇,1234
曾丰,曾丰,1142
戚舜賓,戚舜賓,979
林椿,林椿,
羅上達,羅上達,1126
江萬里,江萬里,1198
錢堯卿,錢堯卿,1081
錢文子,錢文子,1134
釋慧印,釋慧印,1053
胡宗伋,胡宗伋,1071
孫介,孫介,1114
王炎,王炎,1138
范仲彪,范仲彪,1097
范浚,范浚,1102
李昴英,李昴英,1201
侯仲良,侯仲良,1038
劉廷直,劉廷直,1115
趙孟頫,趙孟頫,1254
韓性,韓性,1266
王汾,王汾,1023
呂和問,呂和問,1096
江側,江側,1043
項安世,項安世,1145
徐誼,徐誼,1145
華直溫,華直溫,1006
任伯雨,任伯雨,1047
馮誠之,馮誠之,1143
張中行,張中行,
李隲,李隲,1038
黃珪,黃珪,1076
姜潛,姜潛,
李清照,李清照,1084
呂南公,呂南公,
李公麟,李公麟,1049
李龜朋,李龜朋,1109
梁佐,梁佐,1036
方鳳,方鳳,1240
林簡,林簡,1123
李燔,李燔,1168
陸九敘,陸九敘,1123
危稹,危稹,1157
危和,危和,1166
陸九韶,陸九韶,1130
陸持之,陸持之,1171
馬之純,馬之純,1133
歐陽守道,歐陽守道,1209
邵伯溫,邵伯溫,1057
林石,林石,1004
劉師正,劉師正,
施元之,施元之,1124
杜知仁,杜知仁,1145
魏野,魏野,960
蘇庠,蘇庠,
譚昉,譚昉,
竇從周,竇從周,
程鼎,程鼎,1107
董銖,董銖,1152
董夢程,董夢程,1175
胡一桂,胡一桂,1247
沈貴寶,沈貴寶,
程舟,程舟,1121
王鑐,王鑐,1235
陸景端,陸景端,1105
楊方,楊方,1133
楊輔,楊輔,1136
楊由義,楊由義,
梁楷,梁楷,
喻樗,喻樗,1117
彭耜,彭耜,
李成,李成,902
葛長庚,葛長庚,1134
譙定,譙定,
李浩,李浩,1116
劉漢弻,劉漢弻,1187
余嶸,余嶸,1162
李畋,李畋,962
廖德明,廖德明,1139
羅從彥,羅從彥,1072
崔與之,崔與之,1163
何群,何群,
曹確,曹確,1029
方阜鳴,方阜鳴,1157
趙蕃,趙蕃,1143
柴中守,柴中守,1162
柴中行,柴中行,1160
歐陽鎮,歐陽鎮,
扈蒙,扈蒙,911
劉巨,劉巨,
黃彥,黃彥,1042
唐震,唐震,1212
葛潀,葛潀,1126
士建中,士建中,981
葉廷珪,葉廷珪,1085
劉辰翁,劉辰翁,1232
穆修,穆修,979
高登,高登,1085
舒嶽祥,舒嶽祥,1236
戴良,戴良,1317
劉詵,劉詵,1268
吳師道,吳師道,1283
杜本,杜本,1276
危素,危素,1303
李直方,李直方,
吳直方,吳直方,1275
吳萊,吳萊,1297
鄭深,鄭深,1314
戴表元,戴表元,1244
張翥,張翥,1287
梁寅,梁寅,1303
范梈,范梈,1272
張雨,張雨,1283
李孝光,李孝光,1296
胡助,胡助,1278
余闕,余闕,1303
貢師泰,貢師泰,1298
程端禮,程端禮,1271
劉與孫,劉與孫,1296
劉炳,劉炳,1337
周伯琦,周伯琦,1298
丁復,丁復,
劉因,劉因,1249
滕安上,滕安上,1242
程迥,程迥,1133
聞人滋,聞人滋,
姜夔,姜夔,1155
林逋,林逋,957
徐積,徐積,1028
葛洪,葛洪,1174
孫嵩,孫嵩,1238
汪克寬,汪克寬,1304
龔鼎臣,龔鼎臣,1010
李侗,李侗,1093
劉愚,劉愚,1133
衛培,衛培,
鄧牧,鄧牧,1247
洪焱祖,洪焱祖,1267
錢宰,錢宰,1302
釋元熙,釋元熙,1238
段成己,段成己,1199
曾季貍,曾季貍,
嚴粲,嚴粲,
侯克中,侯克中,
崔白,崔白,
王綽,王綽,
王若訥,王若訥,1217
石一鰲,石一鰲,
王泰來,王泰來,
王開祖,王開祖,1017
余端臣,余端臣,1164
丘漸,丘漸,
王珏,王珏,1238
王夢松,王夢松,1186
王琦,王琦,
王世傑,王世傑,1205
文道南,文道南,
趙昌,趙昌,
石恪,石恪,
葉子儀,葉子儀,
諸葛希仁,諸葛希仁,
石泰,石泰,1095
范寬,范寬,
方澤需,方澤需,
楊復,楊復,
史炤,史炤,
劉有貞,劉有貞,
丘崈,丘崈,1133
呂大圭,呂大圭,1227
江緯,江緯,1070
丘富國,丘富國,
江濤,江濤,
吳方慶,吳方慶,
張逵,張逵,975
薛大觀,薛大觀,
朱炳,朱炳,
何執,何執,
朱洪範,朱洪範,1223
車若水,車若水,
朱渙,朱渙,1193
朱銳,朱銳,
汪元春,汪元春,1208
胡三省,胡三省,1229
樓觀,樓觀,
吳雄,吳雄,1148
車瑾,車瑾,1132
陳埴,陳埴,
杜子野,杜子野,
吳晞,吳晞,
廖應淮,廖應淮,1229
杜希仲,杜希仲,
宋惟亮,宋惟亮,
李珙,李珙,1115
李珫,李珫,
李嵩,李嵩,
嚴拙翁,嚴拙翁,
李則,李則,
鄭霖,鄭霖,1199
李燔,李燔,1160
李大辯,李大辯,
李坤臣,李坤臣,1168
黃筌,黃筌,
吳儀,吳儀,1044
陳立大,陳立大,
傅子雲,傅子雲,
傅維清,傅維清,
蔡蒙叟,蔡蒙叟,
吳羨門,吳羨門,1023
高克明,高克明,
何普,何普,1142
錢時,錢時,1207
余學古,余學古,1221
林略,林略,1169
林磻,林磻,1190
周文敏,周文敏,
陳鵬飛,陳鵬飛,1112
胡鑑,胡鑑,1220
許復道,許復道,1187
諸葛千能,諸葛千能,1151
范彬,范彬,
柯夢得,柯夢得,
蔡蒙吉,蔡蒙吉,
范諤昌,范諤昌,
高商老,高商老,
俞浙,俞浙,1230
趙良鈞,趙良鈞,1241
國子綱,國子綱,
葉邽,葉邽,1182
金彥博,金彥博,
莫冠卿,莫冠卿,1115
孫彥及,孫彥及,
許錫,許錫,1145
王龔,王龔,
林立之,林立之,
徐存,徐存,
梁應龍,梁應龍,1207
郭載,郭載,
張采,張采,
張昕,張昕,
張奕,張奕,1012
張裕,張裕,
張諒,張諒,
張績,張績,
張正己,張正己,
張希顏,張希顏,
張訓禮,張訓禮,
張應辰,張應辰,
陳易,陳易,1166
陳埴,陳埴,1157
陳震,陳震,1163
陳景肅,陳景肅,1121
馮去非,馮去非,1192
甯智先,甯智先,
曾鳳,曾鳳,
黃補,黃補,
喬疎,喬疎,
程正則,程正則,
程時登,程時登,1249
楊愨,楊愨,
楊忱中,楊忱中,1178
靳裁之,靳裁之,
㬊淵,㬊淵,
葉采,葉采,1211
鄒斌,鄒斌,1181
趙庚,趙庚,1151
趙偕,趙偕,1277
趙汝回,趙汝回,1184
潘翼,潘翼,
蔡希點,蔡希點,
滕璘,滕璘,1150
劉岊,劉岊,1223
劉愈,劉愈,1096
劉應龜,劉應龜,1244
蕭顗,蕭顗,
應恕,應恕,
韓禾,韓禾,1205
戴仲弼,戴仲弼,
魏謙光,魏謙光,
高遜志,高遜志,1339
王仁裕,王仁裕,880
符蒙,符蒙,881
王毅,王毅,1303
甘楚材,甘楚材,
石一鼇,石一鼇,1230
朱公遷,朱公遷,1263
李亦,李亦,
范祖幹,范祖幹,1322
張楧,張楧,1260
張䇓,張䇓,1236
黃冔,黃冔,1308
葉儀,葉儀,
劉彭壽,劉彭壽,1273
沈粲,沈粲,1379
朱彥修,朱彥修,
王元章,王元章,
阮登炳,阮登炳,
樂良,樂良,
張元德,張元德,
劉實翁,劉實翁,
吳參倚,吳參倚,
張貫之,張貫之,
敖繼公,敖繼公,
李去智,李去智,
李成季,李成季,
林簡子,林簡子,
盧允文,盧允文,
眞德秀,眞德秀,
鄭元佑,鄭元佑,
鄭禮之,鄭禮之,
韓古遺,韓古遺,
高守道,高守道,
張易簡,張易簡,
毛忠卿,毛忠卿,1154
閔從先,閔從先,
呂宏,呂宏,
游執中,游執中,
梁棟,梁棟,
陳特,陳特,
劉瞻,劉瞻,1121
蔣雱,蔣雱,
釋妙慧,釋妙慧,
釋審定,釋審定,933
釋某某,釋某某,
蔡襄,蔡襄,1012
蔡沈,蔡沈,1167
竇默,竇默,1196
何堅,何堅,1186
晁公遡,晁公遡,1108
劉蒙慶,劉蒙慶,1132
高元之,高元之,1142
湯漢,湯漢,1214
胡方平,胡方平,1217
陳文蔚,陳文蔚,1154
李劉,李劉,1178
胡泳,胡泳,
陳樵,陳樵,1278
孫炎,孫炎,1325
王致,王致,1010
葉味道,葉味道,1190
韓用師,韓用師,
釋廣智,釋廣智,
釋省念,釋省念,926
釋楚圓,釋楚圓,
釋懷澄,釋懷澄,
釋慧南,釋慧南,1002
釋義懷,釋義懷,
李溉,李溉,
釋如縱,釋如縱,
楊昭復,楊昭復,
孫立節,孫立節,1023
范子堅,范子堅,
魏元吉,魏元吉,
張遠,張遠,
傅寅,傅寅,1148
釋麻衣,釋麻衣,
釋藏休,釋藏休,884
釋守諲,釋守諲,931
釋紹月,釋紹月,915
釋道元,釋道元,907
李氏（李嗣源女）,李氏（李嗣源女）,
釋法雨,釋法雨,1043
釋思達,釋思達,
釋智深,釋智深,1019
釋普閏,釋普閏,
梁揚祖,梁揚祖,1088
呂廣問,呂廣問,1098
潘良貴,潘良貴,1094
樓炤,樓炤,1085
張傑,張傑,1133
嚴昌裔,嚴昌裔,
施堪,施堪,
許幾,許幾,1054
曾宏,曾宏,
宋道隆,宋道隆,
歐陽中立,歐陽中立,1049
傅楫,傅楫,1042
毛滂,毛滂,
朱諤,朱諤,1061
楊訓,楊訓,1052
顧棠,顧棠,
張僅,張僅,1035
俞紫琳,俞紫琳,1025
許允成,許允成,
林志寧,林志寧,
李郁,李郁,1086
李似祖,李似祖,1088
廖衙,廖衙,
李德駿,李德駿,
范域,范域,
邵溥,邵溥,1085
趙霄,趙霄,1062
吳給,吳給,1084
曾伉,曾伉,1023
周莊仲,周莊仲,1085
周元卿,周元卿,1140
朱塾,朱塾,1153
蔡模,蔡模,1188
趙善待,趙善待,1128
趙師淵,趙師淵,1142
呂喬年,呂喬年,1165
趙師夏,趙師夏,1160
楊長孺,楊長孺,1157
王漢,王漢,1152
曹彥約,曹彥約,1157
陳守,陳守,1148
陳宓,陳宓,1171
陳址,陳址,1134
鄭昭先,鄭昭先,1157
劉起晦,劉起晦,1142
潘植,潘植,1166
黃杲,黃杲,1117
余元一,余元一,1148
傅誠,傅誠,1151
方大壯,方大壯,1183
方符,方符,1176
熊以寧,熊以寧,1148
熊節,熊節,1169
祝穆,祝穆,1190
祝癸,祝癸,1192
朱埜,朱埜,1148
方耒,方耒,1136
方壬,方壬,1147
林振,林振,1160
李東,李東,1160
鄭可學,鄭可學,1152
黃東,黃東,1137
朱在,朱在,1155
黃㽦,黃㽦,1150
劉孟容,劉孟容,1151
詹儀之,詹儀之,1121
陳枅,陳枅,1165
章康,章康,1183
傅伯壽,傅伯壽,1133
傅伯成,傅伯成,1143
劉爚,劉爚,1144
應純之,應純之,1172
應謙之,應謙之,1160
應茂之,應茂之,1169
石洪慶,石洪慶,1055
符敘,符敘,1151
郭津,郭津,1158
郭浩,郭浩,1158
潘履孫,潘履孫,1166
黃灝,黃灝,1130
戴蒙,戴蒙,1160
黃謙,黃謙,1157
李相祖,李相祖,1179
郭磊卿,郭磊卿,1184
李友仁,李友仁,1156
林士謙,林士謙,1154
劉淮,劉淮,1160
王洽,王洽,1152
陸濬,陸濬,1181
林鼐,林鼐,1144
陶暘,陶暘,
滕珙,滕珙,1157
竇澄,竇澄,
曹叔遠,曹叔遠,1160
程洵,程洵,1135
翁易,翁易,1166
吳獵,吳獵,1143
楊至,楊至,
趙綸,趙綸,1164
吳琮,吳琮,1154
劉堯夫,劉堯夫,
鍾震,鍾震,1166
高松,高松,1154
趙子明(字),趙子明(字),1070
程端蒙,程端蒙,1143
魏孝伯,魏孝伯,1146
饒幹,饒幹,1145
葉湜,葉湜,1168
江默,江默,1139
劉黻,劉黻,1178
劉黼,劉黼,1180
林至,林至,1147
杜旝,杜旝,
王阮,王阮,1145
趙師騫,趙師騫,1150
趙師游,趙師游,1150
王景仁,王景仁,
鄭性之,鄭性之,1172
康淵,康淵,
方伯起,方伯起,
劉成道,劉成道,
趙唯夫,趙唯夫,
饒敏學,饒敏學,
甘節,甘節,
丘珏,丘珏,
江孚先,江孚先,
任忠厚,任忠厚,
朱魯叔,朱魯叔,
宋之源,宋之源,1158
宋斌,宋斌,
李大訓,李大訓,1166
李亢宗,李亢宗,
李周翰,李周翰,1223
吳玭,吳玭,1152
李伯誠,李伯誠,
吳倫,吳倫,
吳昶,吳昶,1156
吳壽昌,吳壽昌,
呂炎,呂炎,
吳振,吳振,1157
呂煥,呂煥,
呂燾,呂燾,
林羽,林羽,
余思齋,余思齋,
林大春,林大春,
林用中,林用中,
周良,周良,1184
林夔孫,林夔孫,
林易簡,林易簡,
范元裕,范元裕,1162
孫調,孫調,1126
孫自任,孫自任,
許升,許升,1122
許瑾,許瑾,
許儉,許儉,
許文蔚,許文蔚,1160
曹建,曹建,1120
子升,子升,
方毅父,方毅父,
王力行,王力行,
王子充,王子充,
王子周,王子周,
王壬,王壬,
王朝,王朝,
朱季繹,朱季繹,
江元益,江元益,
江疇,江疇,
何巨源,何巨源,
余正父(字),余正父(字),
余潔,余潔,
吳伯英(字),吳伯英(字),
吳伯遊,吳伯遊,
吳知先,吳知先,
吳南,吳南,
吳浩,吳浩,
吳楶,吳楶,
杜煜,杜煜,
金去偽,金去偽,
金朋說,金朋說,
徐寓,徐寓,
徐昭然,徐昭然,
郭叔雲,郭叔雲,
張宗說,張宗說,
張彥清,張彥清,1155
張顯父,張顯父,1157
陳範,陳範,1184
陳邦衡,陳邦衡,
馮洽,馮洽,
馮椅,馮椅,1163
馮允中,馮允中,
游倪,游倪,
游儆,游儆,
童伯羽,童伯羽,
曾祖道,曾祖道,
曾逢震,曾逢震,
曾興宗,曾興宗,1146
黃卓,黃卓,
黃寅,黃寅,
黃士毅,黃士毅,
黃孝恭,黃孝恭,
黃義勇,黃義勇,
黃義剛,黃義剛,
黃顯子,黃顯子,
賀善,賀善,
傅修,傅修,1139
程樗,程樗,
程若中,程若中,
楊驤,楊驤,
楊友直,楊友直,
楊道夫,楊道夫,
楊若海,楊若海,
楊與立,楊與立,1186
楊履正,楊履正,
董拱壽,董拱壽,
萬人英,萬人英,
萬人傑,萬人傑,
葉震,葉震,
葉文炳,葉文炳,1150
葉武子,葉武子,1183
葉任道,葉任道,1192
詹介,詹介,
詹淳,詹淳,
鄒輗,鄒輗,
鄒補之,鄒補之,1145
廖謙,廖謙,1157
廖晉卿(字),廖晉卿(字),
趙唐卿,趙唐卿,
趙師,趙師,1160
趙師恕,趙師恕,
熊兆,熊兆,
潘時舉,潘時舉,
鄭文遹,鄭文遹,1168
鄭申之,鄭申之,1139
鄭南升,鄭南升,
鄭師孟,鄭師孟,
鄧絅,鄧絅,
鄧聘君,鄧聘君,
歐陽光祖,歐陽光祖,1142
歐陽謙之,歐陽謙之,
蔡念成,蔡念成,
黎貴臣,黎貴臣,
劉砥,劉砥,
劉賁,劉賁,
劉鏡,劉鏡,
劉礪,劉礪,
劉剛中,劉剛中,1181
蕭佐,蕭佐,
錢木之,錢木之,
戴智老,戴智老,
魏椿,魏椿,
嚴世文,嚴世文,
饒克明(字),饒克明(字),
蘇實,蘇實,
蘇宜久(字),蘇宜久(字),
魏丙,魏丙,
戴邁,戴邁,
戴明伯(字),戴明伯(字),
鍾震,鍾震,
鍾子,鍾子,
蕭增光(字),蕭增光(字),
蕭景昭(字),蕭景昭(字),
蕭長夫,蕭長夫,
黎季成,黎季成,
閭丘次孟(字),閭丘次孟(字),
鍾唐傑(字),鍾唐傑(字),
鄧子禮,鄧子禮,
鄭光弼,鄭光弼,
鄭仲履,鄭仲履,
陳日善(字),陳日善(字),
陳仲卿,陳仲卿,
李文,李文,
李約之,李約之,
李雄,李雄,
李維申,李維申,
李夢先,李夢先,
李德之,李德之,
汪正甫,汪正甫,
汪季良,汪季良,
辛適正,辛適正,
周介,周介,
周方,周方,1216
周亨仲,周亨仲,1143
周樁,周樁,
周震亨,周震亨,
林子淵,林子淵,
林仁寶,林仁寶,
林仲參,林仲參,
林充之,林充之,
林性之,林性之,
林恪,林恪,
林恭甫,林恭甫,
林揆,林揆,
林賜,林賜,
季容甫,季容甫,
邵漢臣,邵漢臣,
俞潔己,俞潔己,
南城熊,南城熊,
姜大中,姜大中,
胡杓,胡杓,
唐總卿,唐總卿,
徐子顏,徐子顏,
徐元震,徐元震,
徐孟實,徐孟實,
徐彥章,徐彥章,
徐容,徐容,
徐琳,徐琳,
袁子節,袁子節,
馬節之,馬節之,
張公巽,張公巽,
張仁叟(字),張仁叟(字),
張以道(字),張以道(字),
梁謙,梁謙,
許子春,許子春,
許閎,許閎,
許敬之(字),許敬之(字),
郭友仁,郭友仁,
郭植,郭植,
郭逍遙,郭逍遙,
陳士直,陳士直,
陳子安(字),陳子安(字),
陳公直(字),陳公直(字),
陳希周,陳希周,
陳希真,陳希真,
陳芝,陳芝,
陳邦鑰,陳邦鑰,
陳厚之,陳厚之,
陳祖永,陳祖永,
陳寅仲(字),陳寅仲(字),
陳寅伯(字),陳寅伯(字),
陳華,陳華,
陳萃,陳萃,
陳敬之,陳敬之,
陳齊仲,陳齊仲,
陳夢良,陳夢良,
陶安國(字),陶安國(字),
陸伯振,陸伯振,
舒高,舒高,
傅君定(字),傅君定(字),
傅定,傅定,
傅修,傅修,
馮德英(字),馮德英(字),
黃子功,黃子功,
黃有開,黃有開,
黃景申,黃景申,
黃達才(字),黃達才(字),
黃謙,黃謙,
楊黻,楊黻,
詹觀,詹觀,
輔萬,輔萬,
劉定夫,劉定夫,1153
劉居之,劉居之,
劉思忠,劉思忠,1151
劉棟,劉棟,
劉源,劉源,
魯可幾(字),魯可幾(字),
德先(字),德先(字),
滕玶,滕玶,
蔣元進,蔣元進,
蔣叔蒙,蔣叔蒙,
蔣明之(字),蔣明之(字),
蔣端夫(字),蔣端夫(字),
鄭大錫,鄭大錫,
譚,譚,
蔡㦛,蔡㦛,
王樞,王樞,1115
江致一,江致一,
陳貽範,陳貽範,1037
劉民先,劉民先,1037
王觀,王觀,1027
饒子儀,饒子儀,
林晟,林晟,
鄧潤甫,鄧潤甫,1019
李山甫,李山甫,1019
廖平,廖平,1031
陳漢公,陳漢公,1004
陳次公,陳次公,1016
陳次山,陳次山,1023
廖廷玉,廖廷玉,
鄧立,鄧立,1009
鄧仲甫,鄧仲甫,1039
陳光遠,陳光遠,1055
陳光道,陳光道,1029
陳君平,陳君平,988
陳汝器,陳汝器,1046
陳瓔,陳瓔,1049
傅野,傅野,1017
傅翼,傅翼,1043
傅代言,傅代言,981
余疇若,余疇若,
黃曦,黃曦,1070
陳世南,陳世南,
饒昌齡,饒昌齡,983
饒景先,饒景先,1013
饒見先,饒見先,1013
王幾,王幾,
張延之,張延之,
陳公燮,陳公燮,
史詔,史詔,1064
趙彥悈,趙彥悈,1175
江泰之,江泰之,
汪堅老,汪堅老,
李纓,李纓,
李伯敏,李伯敏,
利元吉,利元吉,1160
邵叔誼,邵叔誼,
楊國寶,楊國寶,1037
侯紹曾,侯紹曾,
黃師雍,黃師雍,1196
孫鼛,孫鼛,1042
畢仲游,畢仲游,1047
李中行,李中行,
章援,章援,1058
崔閑,崔閑,
鄭少微,鄭少微,1058
史繩祖,史繩祖,
許玠,許玠,
稅與權,稅與權,
呂稽中,呂稽中,
范淑,范淑,
江衍,江衍,1031
管師復,管師復,1038
管師常,管師常,1040
汪革,汪革,1067
汪莘,汪莘,1098
陳孔碩,陳孔碩,1145
李知微,李知微,1138
汪大亨,汪大亨,1137
趙燁,趙燁,1138
杜旟,杜旟,
王莘叟,王莘叟,
徐堯臣,徐堯臣,1118
孟行古,孟行古,
康文虎,康文虎,
黃人傑,黃人傑,1136
鞏峴,鞏峴,1118
康文豹,康文豹,
宋完,宋完,
方伯載,方伯載,
宋剛仲,宋剛仲,
宋文仲,宋文仲,
趙方,趙方,1158
王居仁,王居仁,1142
侯世昭,侯世昭,
薛弼,薛弼,1088
王凝,王凝,1046
鄭昌齡,鄭昌齡,1091
王趯,王趯,1116
王略,王略,
毛壽朋,毛壽朋,
吳雅,吳雅,1182
丘崇,丘崇,
焦位,焦位,
徐孳,徐孳,
王履,王履,
金文剛,金文剛,1188
李遇,李遇,1178
孔元龍,孔元龍,1178
呂中,呂中,
呂仁,呂仁,
呂良才,呂良才,
林存,林存,1208
阮秀實,阮秀實,
王端朝,王端朝,1123
周世則,周世則,1124
方升,方升,
林肅,林肅,1146
傅蒙,傅蒙,
汪開之,汪開之,1197
王仁,王仁,
余澤,余澤,
郭炯,郭炯,
王順,王順,1319
史泳,史泳,
胡震,胡震,
吳伸,吳伸,
程師夔,程師夔,1134
江與權,江與權,
李A,李A,
卓琮,卓琮,
蘇國蘭,蘇國蘭,1196
林棟,林棟,1241
陳袤,陳袤,1088
祖無擇,祖無擇,1011
薛昌朝,薛昌朝,1028
劉江,劉江,
郎曄,郎曄,
李夢龍,李夢龍,1184
呂凝之,呂凝之,1121
馮履,馮履,1160
洪簡,洪簡,
史彌林,史彌林,1138
何元壽,何元壽,
曹正,曹正,
田錫,田錫,940
葉由庚,葉由庚,1202
龔應之,龔應之,1193
李堂,李堂,
李常,李常,
高銑,高銑,922
高本,高本,950
張景,張景,970
任唐徵,任唐徵,
李憲,李憲,
馬應昌,馬應昌,
趙文,趙文,1239
趙彊,趙彊,1212
葉采,葉采,1198
張洞,張洞,1019
朱光庭,朱光庭,1037
李縕,李縕,1015
袁桷,袁桷,1266
吳龍翰,吳龍翰,1233
李謨,李謨,1082
孫适,孫适,1049
趙孚,趙孚,
李祐之,李祐之,
劉翼,劉翼,
王濟淵,王濟淵,
石光霽,石光霽,
俞洪,俞洪,
釋環省,釋環省,
姚勉,姚勉,1216
孫逢吉,孫逢吉,1135
句中正,句中正,929
方蒙,方蒙,
李侁,李侁,
支時起,支時起,
田亮功,田亮功,
楊泰之,楊泰之,1169
徐畸,徐畸,
顧逄,顧逄,
釋應端,釋應端,
釋諱才,釋諱才,
釋應如,釋應如,
釋曇異,釋曇異,1039
釋曇密,釋曇密,
何兌,何兌,1088
李鶚,李鶚,1156
呂頤浩,呂頤浩,1071
何士昭,何士昭,1055
莫如德,莫如德,1214
何鏐,何鏐,
李雲龍,李雲龍,
林訔,林訔,1179
李伯玉,李伯玉,1205
石延年,石延年,994
劉潛,劉潛,
高耕,高耕,
陳成父,陳成父,1169
鄒浩,鄒浩,1060
張正,張正,1000
胡仲勉,胡仲勉,
唐元嘉,唐元嘉,1324
吳履仁,吳履仁,
釋廣明,釋廣明,
杜欽卨,杜欽卨,1063
黃汝翼,黃汝翼,1055
郭延卿,郭延卿,
王薦,王薦,1046
倪樸,倪樸,
張宗範,張宗範,
張紆,張紆,
梁寬,梁寬,1043
張宇,張宇,
侯封,侯封,
釋奉真,釋奉真,
謝疇,謝疇,
劉世南,劉世南,
鄒棐,鄒棐,1043
吳祕,吳祕,1004
黃黎獻,黃黎獻,
劉摯,劉摯,1027
張巨,張巨,1063
徐無黨,徐無黨,1021
釋惠勤,釋惠勤,
邢居實,邢居實,1068
李陶,李陶,1038
王寔,王寔,1050
樊資深,樊資深,
吳儔,吳儔,1064
胡稷言,胡稷言,1036
李商叟,李商叟,
鄭僑,鄭僑,1139
章穎,章穎,1145
趙焯,趙焯,1120
樂洪,樂洪,
龔原,龔原,1033
李定,李定,1028
鮑由,鮑由,1061
蔡肇,蔡肇,1056
韓宗厚,韓宗厚,1042
王伯起,王伯起,1044
王無咎,王無咎,1024
葉濤,葉濤,1043
蔡卞,蔡卞,1058
陳度,陳度,1049
鄭俠,鄭俠,1041
沈銖,沈銖,1043
孫適,孫適,1028
蔡淵,蔡淵,1034
王沇之,王沇之,1052
馬希孟,馬希孟,1043
孟厚,孟厚,
汪澥,汪澥,1042
陳輔,陳輔,
杜文甫,杜文甫,1241
沈僑,沈僑,977
蔡彌邵,蔡彌邵,1116
張良臣,張良臣,1133
陳鳳,陳鳳,
陸天驥,陸天驥,
錢大有,錢大有,
王誼,王誼,
陸棠,陸棠,
何郁,何郁,1090
宋之才,宋之才,1090
胡珵,胡珵,1091
孔道輔,孔道輔,986
許驤,許驤,943
李承造,李承造,1092
滕涉,滕涉,980
張昉,張昉,922
郭成範,郭成範,
章湜,章湜,1136
丁希亮,丁希亮,1146
何堅,何堅,
章椿,章椿,
喻南強,喻南強,
樓應元,樓應元,
晁冲之,晁冲之,1075
周子雍,周子雍,
寇國寶,寇國寶,1067
趙䶵之,趙䶵之,
沈度,沈度,
周純明,周純明,1042
邢恕,邢恕,1038
沈躬行,沈躬行,1064
蘇昞,蘇昞,1043
晏敦復,晏敦復,1075
許景衡,許景衡,1072
呂義山,呂義山,1061
劉安節,劉安節,1068
戴述,戴述,1074
李參,李參,1050
楊迪,楊迪,1055
張繹,張繹,
周恭先,周恭先,
周孚先,周孚先,
唐棣,唐棣,1085
張閎中,張閎中,
陳經正,陳經正,1081
陳經邦,陳經邦,1083
趙彥道,趙彥道,1052
暢大隱,暢大隱,
練繪,練繪,
鮑若雨,鮑若雨,
謝湜,謝湜,1055
董道輔,董道輔,
謝堯仁,謝堯仁,
趙宗立,趙宗立,996
潘鯁,潘鯁,1036
葉漸,葉漸,1069
潘友恭,潘友恭,1156
潘友端,潘友端,1154
湯泳,湯泳,
石宗昭,石宗昭,1142
蔡沆,蔡沆,1165
趙師雍,趙師雍,1157
趙師蒧,趙師蒧,1175
趙師端,趙師端,1154
包約,包約,1150
包遜,包遜,1152
曹彥純,曹彥純,1155
陳秠,陳秠,1154
陳宇,陳宇,1143
陳定,陳定,1111
劉學古,劉學古,1168
趙崇度,趙崇度,1175
陳孔夙,陳孔夙,1169
曾三聘,曾三聘,1144
石斗文,石斗文,1129
詹體仁,詹體仁,1143
詹淵,詹淵,1168
劉炳,劉炳,1148
劉炯,劉炯,1169
周直卿,周直卿,
方誼,方誼,1132
彭尋,彭尋,1144
彭蠡,彭蠡,1146
彭方,彭方,1163
任希夷,任希夷,1145
李文子,李文子,1163
李季札,李季札,1147
杜爗,杜爗,1178
李璠,李璠,
楊楫,楊楫,1150
方禾,方禾,1147
李宗思,李宗思,1133
張宗說,張宗說,1145
張洽,張洽,1178
吳仁傑,吳仁傑,1148
丁克,丁克,
上官謐,上官謐,1130
毛友誠,毛友誠,
王遇,王遇,1142
王過,王過,
龔郯,龔郯,
江嗣,江嗣,1115
江文卿,江文卿,
沈僴,沈僴,
宋之汪,宋之汪,1161
李煇,李煇,
李杞,李杞,
李大同,李大同,1193
李孝述,李孝述,
李孺用,李孺用,1172
吳必大,吳必大,
吳英,吳英,1130
林巒,林巒,
林補,林補,
林仁實,林仁實,1150
林允中,林允中,
林憲卿,林憲卿,1148
林學履,林學履,
林鼒,林鼒,1146
周謨,周謨,1141
胡安之,胡安之,
林得遇,林得遇,
范念德,范念德,1132
俞聞中,俞聞中,1144
唐曄,唐曄,1167
范士衡,范士衡,
孫枝,孫枝,1184
時源,時源,1170
曹晉叔,曹晉叔,
梁瑑,梁瑑,
張德運,張德運,
陳齊冲,陳齊冲,
程珙,程珙,
程實之,程實之,
楊士(仕)訓,楊士(仕)訓,1162
葉寅,葉寅,
廖俁,廖俁,1139
廖義剛,廖義剛,
趙希漢,趙希漢,
鄭會,鄭會,1181
劉子寰,劉子寰,1187
嚴侶,嚴侶,1271
謝璡,謝璡,
謝教,謝教,
連某,連某,
徐禹,徐禹,
趙惟夫,趙惟夫,
魏新之,魏新之,1242
韓璜,韓璜,
薛徽言,薛徽言,1093
向浯,向浯,1116
胡襄,胡襄,1108
劉芮,劉芮,1120
徐時動,徐時動,
彪虎臣,彪虎臣,1078
楊訓,楊訓,1058
黎明,黎明,
譚知禮,譚知禮,
劉荀,劉荀,
毛以謨,毛以謨,
石安民,石安民,1115
金悅,金悅,
梁觀國,梁觀國,1088
黃執矩,黃執矩,
周之道,周之道,1030
莫君陳,莫君陳,1027
王得臣,王得臣,1029
游烈,游烈,1027
朱臨,朱臨,1019
凌浩,凌浩,1035
歐陽發,歐陽發,1040
方仲宇,方仲宇,1037
倪天隱,倪天隱,
張君奭,張君奭,1042
翁仲通,翁仲通,1027
趙屼,趙屼,1035
盛僑,盛僑,1023
陳敏,陳敏,1040
苗授,苗授,1029
潘及甫,潘及甫,1016
蔡說,蔡說,1022
杜汝霖,杜汝霖,
吳孜,吳孜,1058
周穎,周穎,1040
祝常,祝常,
翁升,翁升,1052
張堅,張堅,
韋許,韋許,
廖夷清,廖夷清,995
鄧佑甫,鄧佑甫,1021
張洞,張洞,
舒琪,舒琪,1146
孫應時,孫應時,1154
沈炳,沈炳,1141
黃叔豐,黃叔豐,
周清叟,周清叟,
吳厚若,吳厚若,1154
吳誠若,吳誠若,1154
黃柟,黃柟,1167
黃椿,黃椿,1167
黃棐,黃棐,1167
李肅,李肅,1151
鄧約禮,鄧約禮,1148
傅一飛,傅一飛,1137
孟渙,孟渙,1118
高宗商,高宗商,
朱桴,朱桴,1156
李耆壽,李耆壽,1167
俞庭椿,俞庭椿,1142
陳剛,陳剛,
張孝直,張孝直,
陳去華,陳去華,
彭興宗,彭興宗,
傅夢泉,傅夢泉,
趙子新,趙子新,
蔣元夫,蔣元夫,
謝希孟,謝希孟,
嚴滋,嚴滋,
戴復古,戴復古,
舒衍,舒衍,1163
張渭,張渭,1172
張峋,張峋,1044
章惇,章惇,1035
趙濟,趙濟,1029
呂希績,呂希績,1048
周長孺,周長孺,1012
張崏,張崏,1046
張仲賓,張仲賓,
黃景,黃景,
楊賢寶,楊賢寶,
鄭夬,鄭夬,
朱服,朱服,1043
錢世雄,錢世雄,1051
杜輿,杜輿,
姜君弼,姜君弼,
孫勰,孫勰,1050
李斯立,李斯立,
崔子方,崔子方,
詹範,詹範,1033
慕容暉,慕容暉,
牟子才,牟子才,1193
汪大發,汪大發,
胡揚,胡揚,1165
郭黃中,郭黃中,1200
程安之,程安之,1198
蔣山,蔣山,
蔣公順,蔣公順,
嚴師夔,嚴師夔,
韓元吉,韓元吉,1118
蔡迨,蔡迨,
虞仲琳,虞仲琳,1105
馮忠恕,馮忠恕,1111
王時敏,王時敏,
高材,高材,
吳道,吳道,
呂逢時,呂逢時,
張堯封,張堯封,994
馬永卿,馬永卿,1079
黎確,黎確,
顏岐,顏岐,
謝薖,謝薖,1053
饒節,饒節,
邢世材,邢世材,1140
吳洪,吳洪,1134
戚如圭,戚如圭,1113
戚如琥,戚如琥,1160
時鎬,時鎬,1140
時錡,時錡,1140
時涇,時涇,1172
陳良祐,陳良祐,1124
羊永德,羊永德,1116
詹長民,詹長民,1162
潘景夔,潘景夔,1147
潘景尹,潘景尹,1147
喬行簡,喬行簡,1156
姜模,姜模,1122
徐侃,徐侃,1162
徐倬,徐倬,1162
方琥,方琥,1154
呂約,呂約,1160
何逮,何逮,1153
鞏嶸,鞏嶸,1151
郭澄,郭澄,1150
喬夢符,喬夢符,1145
黃渙,黃渙,1148
沈有開,沈有開,1134
時澐,時澐,1154
時瀾,時瀾,1156
時少章,時少章,1204
汪淳,汪淳,
汪仲儀,汪仲儀,1151
石範,石範,1148
唐復,唐復,1184
柴淵,柴淵,1118
郭頤,郭頤,1073
宋林,宋林,1154
包子謙,包子謙,
朱質,朱質,1163
宋元則,宋元則,1128
李誠之,李誠之,1153
邵樸,邵樸,1148
林居實,林居實,1142
唐季度,唐季度,1132
卲津,卲津,
張垓,張垓,1148
倪千里,倪千里,1157
徐安國,徐安國,1136
徐宗卿(字),徐宗卿(字),1118
呂孝祥,呂孝祥,
高觀,高觀,1118
江注,江注,
吳儀鳳,吳儀鳳,1118
王抑,王抑,1118
趙煜,趙煜,
潘友昭,潘友昭,1118
俞厚,俞厚,1145
邵樸,邵樸,
邵度,邵度,
宋天則,宋天則,1118
宋珄,宋珄,
鄭良臣,鄭良臣,1118
盧琰,盧琰,1118
方自牧,方自牧,1118
章叔平,章叔平,
張蒙,張蒙,
張成招,張成招,
傅如松,傅如松,
楊誠之,楊誠之,1154
葉秀發,葉秀發,1161
葉季韶,葉季韶,
趙彥秬,趙彥秬,1136
趙善珍,趙善珍,1142
趙善談(譚),趙善談(譚),
鄭宗強,鄭宗強,
李泳,李泳,1142
吳友聞,吳友聞,
王碩,王碩,1160
劉清臣,劉清臣,1151
傅如川,傅如川,
徐文虎,徐文虎,1135
林安之,林安之,1142
葉重開,葉重開,1154
唐復,唐復,
時少章,時少章,
胡伯虎,胡伯虎,
趙善談,趙善談,
金昇卿,金昇卿,
曹偕,曹偕,
歐陽闢,歐陽闢,1061
李撰,李撰,1043
仲簡,仲簡,989
潘淳,潘淳,1027
范溫,范溫,1112
張才叔,張才叔,
黃沇,黃沇,
楊皓,楊皓,
蔡相,蔡相,
劉瑜,劉瑜,
廖剛,廖剛,1071
蔣珫,蔣珫,1076
陳篆,陳篆,1094
林彖,林彖,
林宋卿,林宋卿,1076
詹勉,詹勉,
蕭建功,蕭建功,
范子長,范子長,1151
胡大時,胡大時,1136
蘇權,蘇權,1154
張庶,張庶,1136
曾集,曾集,1130
趙善佐,趙善佐,1134
張士佺,張士佺,1143
游九言,游九言,1142
梁子強,梁子強,
張巽,張巽,
張仕佺,張仕佺,1143
陳琦,陳琦,1136
賈林,賈林,
楊知章,楊知章,
葉定,葉定,
蔣復,蔣復,
鍾如愚,鍾如愚,
鍾炤之,鍾炤之,1130
簡克己,簡克己,
曾槐,曾槐,1148
張潞,張潞,
劉嶠,劉嶠,1077
趙棠,趙棠,1128
胡大原,胡大原,1128
譚傃,譚傃,
楊大異,楊大異,1190
吳翌,吳翌,1129
彪居正,彪居正,1108
龔昱,龔昱,1121
蘇頌,蘇頌,1020
鄒宗謨,鄒宗謨,1105
朱軾,朱軾,1049
胡敏,胡敏,1018
張大亨,張大亨,1055
張大亨,張大亨,
劉希聲,劉希聲,
劉伯聲,劉伯聲,
張文淑,張文淑,
范如圭,范如圭,1102
陳長方,陳長方,1108
曾逮,曾逮,1114
章悊,章悊,1075
章憲,章憲,1075
陳少方,陳少方,1067
周憲,周憲,
施庭先,施庭先,
杜圯,杜圯,1081
石景舒,石景舒,1054
韓羽,韓羽,1043
鄭云,鄭云,
鄭褎,鄭褎,
金式,金式,1154
耶律右尚,耶律右尚,1236
王好古,王好古,
熊酉,熊酉,
熊剛大,熊剛大,1184
熊慶冑,熊慶冑,
翁泳,翁泳,
劉逢源,劉逢源,
丘葵,丘葵,1244
陳徵,陳徵,1297
潘音,潘音,1270
鮑恂,鮑恂,1305
朱夏,朱夏,1289
吳志道,吳志道,
戴灝,戴灝,1327
張無夢,張無夢,1002
龐安時,龐安時,
趙良仁,趙良仁,1291
戴思恭,戴思恭,1324
吳璜,吳璜,
戴日宣,戴日宣,1137
劉克莊,劉克莊,1187
陳均,陳均,
江塤,江塤,1169
宋普,宋普,1183
周天驥,周天驥,
趙師宰,趙師宰,
劉炎,劉炎,1141
龍崇,龍崇,
袁韶,袁韶,1157
汪敏中,汪敏中,1167
胡革,胡革,1165
章煥,章煥,1137
朱震,朱震,1177
胡謙,胡謙,1157
徐愿,徐愿,1175
路康,路康,1153
孫允,孫允,1154
吳适,吳适,1174
沈樞,沈樞,1115
沈鍾,沈鍾,1145
沈銘,沈銘,1145
袁肅,袁肅,1169
竺欣,竺欣,1119
汪行簡,汪行簡,
羅子有,羅子有,
鄭若冲,鄭若冲,1146
應後,應後,1193
鄭次申,鄭次申,1187
鄭次時,鄭次時,
趙炎,趙炎,1235
董槐,董槐,1199
朱鵬飛,朱鵬飛,1223
施峻,施峻,
崔若舟,崔若舟,1110
崔若兩,崔若兩,1110
鄧洵美,鄧洵美,1095
劉儼,劉儼,
羅椿,羅椿,
劉覺之,劉覺之,
徐元德,徐元德,1148
林子燕,林子燕,1169
袁申儒,袁申儒,1160
趙希錧,趙希錧,1176
胡宗,胡宗,1163
呂聲之,呂聲之,1143
沈體仁,沈體仁,1150
黃章,黃章,1166
林頤叔,林頤叔,1142
林淵叔,林淵叔,1144
朱黼,朱黼,1150
周勉,周勉,
胡時,胡時,
陳巖,陳巖,1154
馮琳,馮琳,1150
馮瑜,馮瑜,1150
朱伯起,朱伯起,
萬庠,萬庠,1127
葉士寧,葉士寧,1145
萬世延,萬世延,1097
劉夙,劉夙,1124
林方,林方,1160
楊興宗,楊興宗,1130
卓先,卓先,1146
黃芻,黃芻,1121
李樗,李樗,1113
樊世顯,樊世顯,
項詵老,項詵老,1263
王侃,王侃,1186
王賁,王賁,
周敬孫,周敬孫,
陳天瑞,陳天瑞,1239
盛象翁,盛象翁,
楊錡,楊錡,
張莘夫,張莘夫,1249
季鏞,季鏞,1175
倪公武,倪公武,
倪公晦,倪公晦,
張潤之,張潤之,
張必大,張必大,
金麟,金麟,
童偕,童偕,
童俱,童俱,
衛富益,衛富益,
張樞,張樞,1292
趙宏偉,趙宏偉,1244
唐良知,唐良知,
唐良瑞,唐良瑞,
郭子昭,郭子昭,
蘇友龍,蘇友龍,1296
蘇伯衡,蘇伯衡,1329
金涓,金涓,
呂溥,呂溥,
方麟,方麟,
王餘慶,王餘慶,
呂洙,呂洙,
呂權,呂權,1292
李唐,李唐,
李裕,李裕,1294
汪祀,汪祀,1305
唐懷德,唐懷德,1307
馬道貫,馬道貫,
張匡敬,張匡敬,
戚崇僧,戚崇僧,1290
劉涓,劉涓,
傅似翁,傅似翁,1302
邢沂,邢沂,
王褘,王褘,1322
蔣允升,蔣允升,1329
陳基,陳基,1314
朱廉,朱廉,
傅藻,傅藻,
朱濂,朱濂,
王佖,王佖,1186
趙良淳,趙良淳,1211
陳大猷,陳大猷,1229
方齊,方齊,
汪相,汪相,
汪華,汪華,
吳中,吳中,
俞應元,俞應元,1232
湯伯陽,湯伯陽,
程德萃,程德萃,
董敬庵,董敬庵,
萬鎮,萬鎮,1220
蔡汝揆,蔡汝揆,
魯仕能,魯仕能,1214
韓秋巖,韓秋巖,
羅天酉,羅天酉,1229
周南,周南,1159
王植,王植,
陳韡,陳韡,1180
袁廷儒,袁廷儒,1065
袁聘儒,袁聘儒,1163
宋駒,宋駒,1159
戴栩,戴栩,1178
孟猷,孟猷,1156
孟導,孟導,1160
葉紹翁,葉紹翁,
王度,王度,1157
趙汝鐸,趙汝鐸,1171
厲仲方,厲仲方,1159
陳志崇,陳志崇,1158
葛紹體,葛紹體,
方來,方來,1175
王象祖,王象祖,
毛當時,毛當時,1163
王汶,王汶,
邵持正,邵持正,1157
夏庭簡,夏庭簡,1173
翁敏之,翁敏之,
張公秀,張公秀,
鄧傳之,鄧傳之,
薛子長,薛子長,
舒撝,舒撝,1191
鞠巖,鞠巖,1198
周子直,周子直,
倪尚誼,倪尚誼,1333
汪洗,汪洗,
金居敬,金居敬,1321
范準,范準,
朱升,朱升,1299
鄧諫從,鄧諫從,
蘇在鎔,蘇在鎔,1153
樂材,樂材,1125
句龍復成,句龍復成,
劉伯熊,劉伯熊,
李惟正,李惟正,1152
李維正,李維正,
陳光,陳光,1116
朱準,朱準,
黃君任,黃君任,1205
林冑,林冑,1237
林㝱協,林㝱協,1217
鄭獻翁,鄭獻翁,1235
蘇國台,蘇國台,1184
朱鉅,朱鉅,1190
朱鈞,朱鈞,1190
李鑑,李鑑,1187
吳泳,吳泳,1178
吳昌裔,吳昌裔,1183
李晦,李晦,
林子敭,林子敭,
馬宗諒,馬宗諒,
家𢴍,家𢴍,
湛存,湛存,
文彥若,文彥若,1015
范育,范育,1027
游師雄,游師雄,1038
呂大鈞,呂大鈞,1031
呂大臨,呂大臨,1044
李復,李復,1049
田腴,田腴,
潘拯,潘拯,
劉公彥,劉公彥,1049
鄭轂,鄭轂,1088
謝襲,謝襲,
祝奕,祝奕,1063
劉懋,劉懋,1114
魏掞之,魏掞之,1116
魏穎,魏穎,1049
邵景之,邵景之,1142
張哲,張哲,
陳侁,陳侁,1069
曾開,曾開,1073
羅願,羅願,1136
劉文伯,劉文伯,
范季隨,范季隨,
殷奎,殷奎,1331
申屠衡,申屠衡,
盧熊,盧熊,1331
倪中,倪中,
張憲,張憲,
吳復,吳復,1331
王璲,王璲,
朱芾,朱芾,
余善,余善,
吳復,吳復,1298
呂恂,呂恂,1327
董佐才,董佐才,
鄒奕,鄒奕,1318
王汝玉,王汝玉,1349
張學暨,張學暨,1307
劉璪,劉璪,1096
劉九垓,劉九垓,
陳彥國,陳彥國,1071
黎道華,黎道華,
吳怡,吳怡,
樊光遠,樊光遠,1102
方導,方導,1133
沈清臣,沈清臣,1127
倪稱,倪稱,1116
陳自修,陳自修,1136
于憲,于憲,
李賓,李賓,
徐椿年,徐椿年,1112
林日選,林日選,1184
秦觀,秦觀,1055
趙暘,趙暘,1064
韓冠卿,韓冠卿,1158
韓度,韓度,1210
唐徹,唐徹,1169
解齊賢,解齊賢,
曾機,曾機,1137
曾震,曾震,1136
左揆,左揆,
喻仲可,喻仲可,
葉經,葉經,
曾崇,曾崇,1115
劉莊孫,劉莊孫,1234
馬友直,馬友直,1070
薛田,薛田,968
高懌,高懌,
張荷,張荷,
劉槩,劉槩,
劉孟節,劉孟節,
韓退,韓退,
鄭與言,鄭與言,1215
袁甫,袁甫,1174
陳瑢,陳瑢,1175
汪伋,汪伋,1148
洪揚祖,洪揚祖,1202
陳塤,陳塤,1197
史彌鞏,史彌鞏,1170
馮興宗,馮興宗,1198
馮國壽,馮國壽,
王晉老,王晉老,1163
葉祐之,葉祐之,1165
王震,王震,
朱介,朱介,
沈鞏,沈鞏,
吳榘,吳榘,1190
吳塤,吳塤,
余元發,余元發,
邵甲,邵甲,1223
馬燮,馬燮,1220
孫明仲,孫明仲,1129
孫伯溫,孫伯溫,1163
許孚,許孚,
曾熠,曾熠,
曾汲古,曾汲古,
項復,項復,
傅大原,傅大原,1178
傅正夫,傅正夫,
舒益,舒益,
鄒夢遇,鄒夢遇,1148
錢槱,錢槱,1237
薛疑之,薛疑之,
嚴畏,嚴畏,
呂浩,呂浩,1160
劉虎,劉虎,
朱叔珤,朱叔珤,
吳錫疇,吳錫疇,1215
馬端復,馬端復,1252
馬端臨,馬端臨,1254
彭皋,彭皋,
詹仲美,詹仲美,
趙介如,趙介如,
錢朝彥,錢朝彥,1104
王大昌,王大昌,
樓大年,樓大年,1185
釋宗本,釋宗本,
孫疇,孫疇,
彭圖南,彭圖南,
范端臣,范端臣,1124
范端杲,范端杲,1126
邵恂,邵恂,
柴喆,柴喆,
張龜年,張龜年,1124
陳九言,陳九言,
虞唐佐,虞唐佐,
曾士倬,曾士倬,1220
許晉孫,許晉孫,1288
黃公望,黃公望,1269
陳范,陳范,
王冕,王冕,1296
張寓,張寓,1067
滕愷,滕愷,1105
馬默,馬默,
馬隨,馬隨,1024
宋宏,宋宏,1008
杜默,杜默,
孟宗儒,孟宗儒,
張續,張續,
趙狩,趙狩,
趙澤,趙澤,
葉祖洽,葉祖洽,1055
鄭克寬,鄭克寬,
唐庚,唐庚,1071
陳子敬,陳子敬,
李彤,李彤,1019
朱長文,朱長文,1039
韓玉父,韓玉父,
蔡畋,蔡畋,
趙令晙,趙令晙,1064
賈師古,賈師古,
史蒙卿,史蒙卿,1247
黃叔雅,黃叔雅,1267
史晏卿,史晏卿,
楊湲,楊湲,
趙孟,趙孟,
錢象祖,錢象祖,1169
何執中,何執中,1044
黃景昌,黃景昌,1261
羅晉,羅晉,1196
嚴松,嚴松,
曾滂,曾滂,1128
葉元老,葉元老,
趙孟僩,趙孟僩,
宋無,宋無,1260
劉棨,劉棨,
司馬植,司馬植,1080
李潛,李潛,1037
李垕,李垕,1145
項采,項采,
馮亞,馮亞,
陳序,陳序,
孫齍,孫齍,1086
衛炳,衛炳,
董琦,董琦,1117
董琮,董琮,1166
董真卿,董真卿,
袁洪,袁洪,1245
俞珙,俞珙,1146
尤袤,尤袤,1127
蕭廷之,蕭廷之,
王元通,王元通,
金農,金農,1687
馮時行,馮時行,1100
吳漸,吳漸,1124
陳策,陳策,1200
代淵,代淵,985
鄒應博,鄒應博,1175
黃鏞,黃鏞,
馮正符,馮正符,1052
曹璪,曹璪,1077
曹璉,曹璉,1079
施霆亨,施霆亨,
鄭夢協,鄭夢協,
柳肩吾,柳肩吾,942
家勤國,家勤國,1034
胡應之,胡應之,
黃祖舜,黃祖舜,1094
葉顒,葉顒,1102
陳俊卿,陳俊卿,1113
林鶚翁,林鶚翁,1211
黃自信,黃自信,1198
李之才,李之才,982
李挺之,李挺之,982
林宗臣,林宗臣,
王億,王億,
林處恭,林處恭,
唐轂,唐轂,
唐轅,唐轅,
夏璿,夏璿,
張瑩,張瑩,1302
胡翰,胡翰,1307
徐原,徐原,
趙良恭,趙良恭,1317
陶宗儀,陶宗儀,1329
曾蕃,曾蕃,1320
脫脫,脫脫,1314
也先帖木兒,也先帖木兒,1269
陳士貞,陳士貞,1302
傅致柔,傅致柔,1313
樓光亨,樓光亨,1296
阿速吉八,阿速吉八,1306
陳繹曾,陳繹曾,1287
蕭璚,蕭璚,
張簡,張簡,
王士點,王士點,1275
郭奎,郭奎,1301
汪廣洋,汪廣洋,1316
汪河,汪河,
龍遇奇,龍遇奇,1571
劉子昇,劉子昇,
夏煜,夏煜,
安熙,安熙,1270
趙時勉,趙時勉,1274
張輯,張輯,
釋居昱,釋居昱,
馬存,馬存,1033
胡楚材,胡楚材,
汪炎昶,汪炎昶,1190
任元,任元,1328
任序,任序,1330
羅博文,羅博文,1116
劉嘉譽,劉嘉譽,
郭翼,郭翼,1305
李坦之,李坦之,
唐桂芳,唐桂芳,1299
韓宜可,韓宜可,
王受益,王受益,1335
釋大訢,釋大訢,1284
段思溫,段思溫,1240
吳士亨,吳士亨,
郭郁,郭郁,1257
吳元瑜,吳元瑜,
薛蒙,薛蒙,
王龍澤,王龍澤,1244
戴士先,戴士先,1035
王文貫,王文貫,1196
方儀,方儀,
陳珪,陳珪,
陳應壁,陳應壁,
戴亨,戴亨,
林起潛,林起潛,
鍾季正,鍾季正,
凌策,凌策,957
王友,王友,
焦錫,焦錫,
王復,王復,1206
薛式,薛式,
高洵,高洵,
林桂發,林桂發,1217
史堯輔,史堯輔,1173
史賓之,史賓之,1216
李處權,李處權,1086
鄭儀孫,鄭儀孫,
黃以翼,黃以翼,
鄭思忱,鄭思忱,
朱恮,朱恮,
徐鹿卿,徐鹿卿,1189
朱雪,朱雪,
潘希宗,潘希宗,
吳俊臣,吳俊臣,
徐天錫,徐天錫,
徐天彝,徐天彝,
汪宗臣,汪宗臣,1173
高常,高常,
宋汝志,宋汝志,
徐道廣,徐道廣,
宋慈,宋慈,1183
車安行,車安行,1194
祝泌,祝泌,1244
任玠,任玠,1107
謝皓,謝皓,1052
謝黻,謝黻,1064
馬永忠,馬永忠,
李彥華,李彥華,1112
李恂,李恂,1115
楊汝南,楊汝南,1115
李演,李演,
方輗,方輗,
許應庚,許應庚,1199
鮑俊德,鮑俊德,1128
高斯得,高斯得,1201
夏侯延祐,夏侯延祐,
吳謙,吳謙,
葉夢得,葉夢得,
吳千仞,吳千仞,968
胡淵,胡淵,1050
夏希賢,夏希賢,1266
胡長孺,胡長孺,1249
柯大春,柯大春,
王邁,王邁,1185
劉虹,劉虹,
秦熺,秦熺,1098
張宏,張宏,
高公亮,高公亮,
劉樸,劉樸,
侯安國,侯安國,
邵機,邵機,
孫駪,孫駪,
俞皋,俞皋,
樓鑰,樓鑰,1137
蔣仲武,蔣仲武,
袁文,袁文,1119
吳儆,吳儆,1127
項維寅,項維寅,
王珉,王珉,
劉棠,劉棠,1108
王巖,王巖,
林從周,林從周,1196
董為良,董為良,1131
柴瑾,柴瑾,1105
柴衛,柴衛,1118
江介,江介,1126
江泳,江泳,1124
鄭升,鄭升,
鄭雍,鄭雍,
鄭升之,鄭升之,1127
鄭可與,鄭可與,1154
單崔明,單崔明,
周樸,周樸,1245
張希房,張希房,
徐霖,徐霖,1214
傅逸,傅逸,
盧道寧,盧道寧,
張覺民,張覺民,
任源,任源,1116
劉松年,劉松年,
徐雷開,徐雷開,1196
黃霆發,黃霆發,1184
翁巖壽,翁巖壽,1214
蔣世珍,蔣世珍,1229
楊元定,楊元定,1186
薛京,薛京,
陳瀧,陳瀧,
王巖叟,王巖叟,1043
童必大,童必大,1187
陽枋,陽枋,1187
陽岊,陽岊,
陳天澤,陳天澤,
吳淵,吳淵,1190
黃以寧,黃以寧,1157
羅本,羅本,
潘希白,潘希白,1223
梅寬夫,梅寬夫,1241
韓居仁,韓居仁,
陳萬里,陳萬里,1238
劉庭老,劉庭老,1153
陳葵,陳葵,1139
楊榮,楊榮,1370
陳繼之,陳繼之,1339
顧佐,顧佐,
黃鉞,黃鉞,1341
王溥,王溥,922
孟賓于,孟賓于,
章溢,章溢,1314
詹同,詹同,1331
陳取青,陳取青,1240
洪初,洪初,
汪與立,汪與立,
葛乾孫,葛乾孫,1305
楊剛中,楊剛中,1287
黃觀,黃觀,1339
許元,許元,1300
何壽朋,何壽朋,
吳履,吳履,1322
唐以仁,唐以仁,
吳履,吳履,
陸友仁,陸友仁,
程本立,程本立,1339
戚象祖,戚象祖,1254
徐雷龍,徐雷龍,
張信,張信,
陳韶,陳韶,1341
徐伯琛,徐伯琛,
王充耘,王充耘,1304
衛涇,衛涇,1159
劉應李,劉應李,1244
呂復,呂復,
陳太初,陳太初,
田著,田著,1165
游醇,游醇,1049
辛棄疾,辛棄疾,1140
党懷英,党懷英,
李章,李章,1057
釋顯達,釋顯達,1018
伴姑,伴姑,
章傅,章傅,
王英英,王英英,
關治,關治,1058
曹令德,曹令德,
高象先,高象先,
李處廉,李處廉,1078
李籲,李籲,1050
方士繇,方士繇,1148
游開,游開,1121
程永奇,程永奇,1151
徐文卿,徐文卿,1181
高禾,高禾,1151
龔栗,龔栗,
襲蓋卿,襲蓋卿,
江泰,江泰,
朱沅,朱沅,
汪德輔,汪德輔,
吳雄,吳雄,
吳恭之,吳恭之,
吳稚,吳稚,
余隅,余隅,
余範,余範,
余宋傑,余宋傑,
周明作,周明作,1141
顧臨,顧臨,1023
王固,王固,1023
田述古,田述古,1031
林夢英,林夢英,1145
王允文,王允文,1139
朱泰卿,朱泰卿,1158
李雲,李雲,
王豫,王豫,1011
江端禮,江端禮,1060
周奭,周奭,
羅天益,羅天益,
王域,王域,
劉欽,劉欽,1204
王開,王開,
吳景鸞,吳景鸞,
吳克誠,吳克誠,
王埜,王埜,1197
曹錫,曹錫,1178
竺大年,竺大年,1149
史安之,史安之,1166
吳琚,吳琚,1154
呂冲之,呂冲之,1169
木待問,木待問,1133
林田,林田,1144
李楠,李楠,1111
王珹,王珹,1247
朱致中,朱致中,
汪蒙,汪蒙,
王大受,王大受,1142
孫之宏,孫之宏,1184
師璿,師璿,
諸葛埴,諸葛埴,1156
黃銖,黃銖,1131
胡箕,胡箕,1122
歐陽樸,歐陽樸,1142
朱中,朱中,1205
高栴,高栴,1108
屠槐,屠槐,1196
王惟賢,王惟賢,
危復之,危復之,
李偉,李偉,1246
徐元傑,徐元傑,1193
杜抑之,杜抑之,
李仁深,李仁深,1186
李仁垕,李仁垕,1203
方南一,方南一,
楊君芾,楊君芾,
蔣敬,蔣敬,
王龍友,王龍友,1246
史簡,史簡,1034
史夢龍,史夢龍,
程俱,程俱,1078
趙子晝,趙子晝,1089
釋繼忠,釋繼忠,1019
釋蘊聰,釋蘊聰,
釋贊元,釋贊元,1023
釋懷秀,釋懷秀,
釋德普,釋德普,1024
釋法秀,釋法秀,1027
釋擇卿,釋擇卿,
釋德會,釋德會,
呂人龍,呂人龍,1232
胡埜,胡埜,1088
凌宗旦,凌宗旦,
郝士安,郝士安,
傅芷,傅芷,1148
釋守澄,釋守澄,
釋守圓,釋守圓,
釋守深,釋守深,
釋俀兒,釋俀兒,
釋希詮,釋希詮,
釋希隱,釋希隱,
釋希德,釋希德,
釋希通,釋希通,
釋希覺,釋希覺,
釋文證,釋文證,
釋文遂,釋文遂,
釋文顯,釋文顯,
釋文誨,釋文誨,
釋文遠,釋文遠,
釋文遇,釋文遇,
釋文義,釋文義,
釋文安,釋文安,
釋行深,釋行深,
釋行隆,釋行隆,
釋堅俊,釋堅俊,
釋智定,釋智定,
釋智海,釋智海,
釋智元,釋智元,
釋智福,釋智福,
釋智登,釋智登,
釋智滿,釋智滿,
釋道英,釋道英,
釋某某（釋智深之弟子）,釋某某（釋智深之弟子）,
釋普榮,釋普榮,1093
