Source,Target,Type,Label,Weight
鄭成功,錢謙益,Directed,為Y之學生,1
鄭成功,徐孚遠,Directed,為Y之學生,1
阮常生,凌廷堪,Directed,為Y之學生,1
阮福,江藩,Directed,為Y之學生,1
張熙,阮元,Directed,為Y之學生,1
沈業富,雷鋐,Directed,為Y之學生,1
錢載,桑調元,Directed,為Y之學生,1
錢載,蔣溥,Directed,為Y之學生,1
錢大昕,江藩,Directed,為Y之學生,1
錢大昕,孫星衍,Directed,為Y之學生,1
錢大昕,沈德潛,Directed,為Y之學生,1
錢大昕,戈宙襄,Directed,為Y之學生,1
錢大昕,李賡芸,Directed,為Y之學生,1
王鳴盛,惠棟,Directed,為Y之學生,1
王鳴盛,沈德潛,Directed,為Y之學生,1
朱筠,錢維城,Directed,為Y之學生,1
朱筠,陳世倌,Directed,為Y之學生,1
朱筠,介福,Directed,為Y之學生,1
朱珪,金甡,Directed,為Y之學生,1
史積容,朱筠,Directed,為Y之學生,1
紀昀,趙大鯨,Directed,為Y之學生,1
紀昀,董邦達,Directed,為Y之學生,1
紀昀,劉綸,Directed,為Y之學生,1
紀昀,鮑梓,Directed,為Y之學生,1
紀昀,李若龍,Directed,為Y之學生,1
瞿式耜,錢謙益,Directed,為Y之學生,1
屈大均,陳邦彥,Directed,為Y之學生,1
屈大均,釋函昰,Directed,為Y之學生,1
馮桂芬,李兆洛,Directed,為Y之學生,1
馮桂芬,林則徐,Directed,為Y之學生,1
馮桂芬,李申耆,Directed,為Y之學生,1
馮桂芬,李尚之,Directed,為Y之學生,1
錢謙益,顧允成,Directed,為Y之學生,1
傅山,韓昌黎,Directed,為Y之學生,1
杭世駿,方楘如,Directed,為Y之學生,1
杭世駿,沈世楷,Directed,為Y之學生,1
徐釚,計東,Directed,為Y之學生,1
徐松,吳錫麒,Directed,為Y之學生,1
薛鳳祚,孫奇逢,Directed,為Y之學生,1
薛鳳祚,鹿善繼,Directed,為Y之學生,1
薛鳳祚,魏文魁,Directed,為Y之學生,1
黃丕烈,彭芸楣,Directed,為Y之學生,1
黃宗羲,錢謙益,Directed,為Y之學生,1
黃宗羲,劉宗周,Directed,為Y之學生,1
黃宗炎,劉宗周,Directed,為Y之學生,1
洪亮吉,朱筠,Directed,為Y之學生,1
洪亮吉,畢沅,Directed,為Y之學生,1
倪會鼎,黃道周,Directed,為Y之學生,1
顧廣圻,江聲,Directed,為Y之學生,1
程恩澤,凌廷堪,Directed,為Y之學生,1
江藩,王昶,Directed,為Y之學生,1
江藩,江聲,Directed,為Y之學生,1
江藩,余蕭客,Directed,為Y之學生,1
錢曾,錢謙益,Directed,為Y之學生,1
周中孚,孫星衍,Directed,為Y之學生,1
李塨,顏元,Directed,為Y之學生,1
李塨,毛奇齡,Directed,為Y之學生,1
李塨,郭金城,Directed,為Y之學生,1
李塨,王餘佑,Directed,為Y之學生,1
李塨,劉見田,Directed,為Y之學生,1
李塨,張而素,Directed,為Y之學生,1
李塨,汪若紀,Directed,為Y之學生,1
李塨,趙師光,Directed,為Y之學生,1
李塨,趙錫之,Directed,為Y之學生,1
李習仁,方苞,Directed,為Y之學生,1
顏元,吳持明,Directed,為Y之學生,1
顏元,吳洞霄,Directed,為Y之學生,1
顏元,賈琻,Directed,為Y之學生,1
李調元,錢陳群,Directed,為Y之學生,1
王昶,沈德潛,Directed,為Y之學生,1
王昶,王太岳,Directed,為Y之學生,1
凌廷堪,翁方綱,Directed,為Y之學生,1
盧象觀,胡爾愷,Directed,為Y之學生,1
陸隴其,陳肇昌,Directed,為Y之學生,1
盧文弨,桑調元,Directed,為Y之學生,1
毛先舒,陳子龍,Directed,為Y之學生,1
梅文鼎,倪觀湖,Directed,為Y之學生,1
梅文鼎,羅王賓,Directed,為Y之學生,1
鈕樹玉,錢大昕,Directed,為Y之學生,1
鈕樹玉,江聲,Directed,為Y之學生,1
潘耒,顧炎武,Directed,為Y之學生,1
潘耒,徐枋,Directed,為Y之學生,1
潘耒,戴笠,Directed,為Y之學生,1
潘眉,郭麐,Directed,為Y之學生,1
包世臣,鄧石如,Directed,為Y之學生,1
彭定求,湯斌,Directed,為Y之學生,1
畢沅,惠棟,Directed,為Y之學生,1
畢沅,沈德潛,Directed,為Y之學生,1
黃百家,梅文鼎,Directed,為Y之學生,1
黃百家,王徵南,Directed,為Y之學生,1
邵曾可,史孝咸,Directed,為Y之學生,1
邵廷采,毛奇齡,Directed,為Y之學生,1
邵廷采,韓孔當,Directed,為Y之學生,1
韓菼,徐乾學,Directed,為Y之學生,1
韓菼,徐元文,Directed,為Y之學生,1
萬泰,劉宗周,Directed,為Y之學生,1
萬斯年,黃宗羲,Directed,為Y之學生,1
萬斯程,黃宗羲,Directed,為Y之學生,1
萬斯禎,黃宗羲,Directed,為Y之學生,1
萬言,黃宗羲,Directed,為Y之學生,1
萬斯昌,黃宗羲,Directed,為Y之學生,1
萬斯選,黃宗羲,Directed,為Y之學生,1
萬斯大,黃宗羲,Directed,為Y之學生,1
萬經,黃宗羲,Directed,為Y之學生,1
萬經,閻若璩,Directed,為Y之學生,1
萬經,應撝謙,Directed,為Y之學生,1
萬經,鄭簠,Directed,為Y之學生,1
萬斯備,黃宗羲,Directed,為Y之學生,1
萬斯同,黃宗羲,Directed,為Y之學生,1
王源,顏元,Directed,為Y之學生,1
王源,魏禧,Directed,為Y之學生,1
王源,梁以樟,Directed,為Y之學生,1
趙一清,全祖望,Directed,為Y之學生,1
王念孫,戴震,Directed,為Y之學生,1
孫星衍,畢沅,Directed,為Y之學生,1
張惠言,金榜,Directed,為Y之學生,1
陳壽祺,阮元,Directed,為Y之學生,1
陳壽祺,朱珪,Directed,為Y之學生,1
陳壽祺,孟超然,Directed,為Y之學生,1
臧庸,劉臺拱,Directed,為Y之學生,1
臧庸,盧文弨,Directed,為Y之學生,1
臧禮堂,錢大昕,Directed,為Y之學生,1
臧禮堂,盧文弨,Directed,為Y之學生,1
閻若璩,南雷公,Directed,為Y之學生,1
閻若璩,吳一清,Directed,為Y之學生,1
桑調元,勞史,Directed,為Y之學生,1
孫奇逢,李崶,Directed,為Y之學生,1
湯斌,孫奇逢,Directed,為Y之學生,1
王筠,祁寯藻,Directed,為Y之學生,1
王筠,王朝輅,Directed,為Y之學生,1
汪輝祖,朱筠,Directed,為Y之學生,1
王柏心,楊明善,Directed,為Y之學生,1
武億,朱筠,Directed,為Y之學生,1
姚鼐,方東樹,Directed,為Y之學生,1
姚鼐,劉大櫆,Directed,為Y之學生,1
李兆洛,姚鼐,Directed,為Y之學生,1
吳德旋,錢伯坰,Directed,為Y之學生,1
吳偉業,張溥,Directed,為Y之學生,1
劉體仁,孫奇逢,Directed,為Y之學生,1
劉體仁,孫逢奇,Directed,為Y之學生,1
施閏章,沈壽民,Directed,為Y之學生,1
尹會一,方苞,Directed,為Y之學生,1
譚獻,俞樾,Directed,為Y之學生,1
袁昶,俞樾,Directed,為Y之學生,1
袁昶,劉熙載,Directed,為Y之學生,1
陸心源,萬青藜,Directed,為Y之學生,1
陸心源,吳式芬,Directed,為Y之學生,1
陸心源,張錫庚,Directed,為Y之學生,1
張允滋,徐映玉,Directed,為Y之學生,1
金逸,袁枚,Directed,為Y之學生,1
袁枚,史玉瓚,Directed,為Y之學生,1
袁枚,楊文叔,Directed,為Y之學生,1
嚴長明,畢沅,Directed,為Y之學生,1
嚴長明,方苞,Directed,為Y之學生,1
嚴長明,楊繩武,Directed,為Y之學生,1
徐昭華,毛奇齡,Directed,為Y之學生,1
汪廷珍,任大椿,Directed,為Y之學生,1
汪廷珍,李晴山,Directed,為Y之學生,1
林旭,康有為,Directed,為Y之學生,1
愛新覺羅載淳,李鴻藻,Directed,為Y之學生,1
愛新覺羅載湉,翁同龢,Directed,為Y之學生,1
愛新覺羅載湉,張德彜,Directed,為Y之學生,1
林紓,謝章鋌,Directed,為Y之學生,1
梁章鉅,阮元,Directed,為Y之學生,1
梁章鉅,翁方綱,Directed,為Y之學生,1
孔廣森,戴震,Directed,為Y之學生,1
吳汝綸,曾國藩,Directed,為Y之學生,1
吳汝綸,姚姫傳,Directed,為Y之學生,1
廖廷相,陳澧,Directed,為Y之學生,1
宗稷辰,李宗傳,Directed,為Y之學生,1
況周頤,端木埰,Directed,為Y之學生,1
毛晉,錢謙益,Directed,為Y之學生,1
楊芳燦,王昶,Directed,為Y之學生,1
嚴復,黃宗彜,Directed,為Y之學生,1
陶澍,余存吾,Directed,為Y之學生,1
郭麐,姚鼐,Directed,為Y之學生,1
吳嵩梁,翁方綱,Directed,為Y之學生,1
石韞玉,彭啟豐,Directed,為Y之學生,1
舒位,青籐老人,Directed,為Y之學生,1
查慎行,黃宗羲,Directed,為Y之學生,1
查慎行,錢澄之,Directed,為Y之學生,1
陳澧,侯康,Directed,為Y之學生,1
陳澧,張維屏,Directed,為Y之學生,1
王鵬運,端木埰,Directed,為Y之學生,1
錢維城,董邦達,Directed,為Y之學生,1
翁心存,唐仲冕,Directed,為Y之學生,1
黃幼藻,方泰,Directed,為Y之學生,1
林萬棟,陸昶,Directed,為Y之學生,1
吳蘭庭,吳大受,Directed,為Y之學生,1
吳榮光,阮元,Directed,為Y之學生,1
席佩蘭,袁枚,Directed,為Y之學生,1
濮文暹,吳可讀,Directed,為Y之學生,1
談印蓮,孫憲儀,Directed,為Y之學生,1
王時敏,董其昌,Directed,為Y之學生,1
謝啟昆,翁方綱,Directed,為Y之學生,1
吳慶坻,俞樾,Directed,為Y之學生,1
吳慶坻,祁世長,Directed,為Y之學生,1
吳慶坻,孫毓汶,Directed,為Y之學生,1
吳慶坻,祁世長,Directed,為Y之學生,1
王家璧,袁銑,Directed,為Y之學生,1
裘曰修,袁枚,Directed,為Y之學生,1
裘曰修,蔣溥,Directed,為Y之學生,1
愛新覺羅弘曆,富察福敏,Directed,為Y之學生,1
張玉珍,袁枚,Directed,為Y之學生,1
樊增祥,張之洞,Directed,為Y之學生,1
樊增祥,李慈銘,Directed,為Y之學生,1
冒襄,董其昌,Directed,為Y之學生,1
嚴迢,許孟淵,Directed,為Y之學生,1
侯方域,倪元璐,Directed,為Y之學生,1
愛新覺羅允祥,佟佳法海,Directed,為Y之學生,1
胡林翼,吳贊,Directed,為Y之學生,1
胡林翼,蔡吳壽,Directed,為Y之學生,1
胡林翼,蔡用錫,Directed,為Y之學生,1
王傑,陳宏謀,Directed,為Y之學生,1
曹振鏞,翁方綱,Directed,為Y之學生,1
陸燿,董邦達,Directed,為Y之學生,1
黃鉞,朱珪,Directed,為Y之學生,1
顧皋,吳雲峰,Directed,為Y之學生,1
愛新覺羅允禵,佟佳法海,Directed,為Y之學生,1
鮑源深,朱鳳標,Directed,為Y之學生,1
鮑源深,黃贊湯,Directed,為Y之學生,1
鮑源深,徐士芬,Directed,為Y之學生,1
鮑源深,莊瑤,Directed,為Y之學生,1
鮑源深,韓天垣,Directed,為Y之學生,1
鮑源深,柏葰,Directed,為Y之學生,1
鮑源深,何文安,Directed,為Y之學生,1
鮑源深,匡名源,Directed,為Y之學生,1
鮑源深,恩文肅,Directed,為Y之學生,1
鮑源深,杜文正,Directed,為Y之學生,1
鮑源深,潘文恭,Directed,為Y之學生,1
鮑源深,福濟房,Directed,為Y之學生,1
楊名時,李光地,Directed,為Y之學生,1
葉酉,方苞,Directed,為Y之學生,1
王紹蘭,王昶,Directed,為Y之學生,1
宣永貴,毛奇齡,Directed,為Y之學生,1
董誥,劉綸,Directed,為Y之學生,1
雷鋐,方苞,Directed,為Y之學生,1
雷鋐,蔡世遠,Directed,為Y之學生,1
鄧廷楨,姚鼐,Directed,為Y之學生,1
竇光鼐,董邦達,Directed,為Y之學生,1
夏之蓉,王古堂,Directed,為Y之學生,1
程正揆,李北海,Directed,為Y之學生,1
徐頲,段玉裁,Directed,為Y之學生,1
徐頲,江聲,Directed,為Y之學生,1
陳大受,方苞,Directed,為Y之學生,1
納喇常安,韓菼,Directed,為Y之學生,1
于蔭霖,倭仁,Directed,為Y之學生,1
嚴正基,蕭山湯,Directed,為Y之學生,1
索綽絡寶鋆,菽水,Directed,為Y之學生,1
薛福成,曾國藩,Directed,為Y之學生,1
劉鴻翱,韓夢周,Directed,為Y之學生,1
劉綸,張廷玉,Directed,為Y之學生,1
劉綸,張廷璐,Directed,為Y之學生,1
劉綸,尹繼善,Directed,為Y之學生,1
褚廷璋,沈德潛,Directed,為Y之學生,1
翁牛忒榮惠,唐古忒,Directed,為Y之學生,1
楊頤,戴熙,Directed,為Y之學生,1
張亮基,姚元之,Directed,為Y之學生,1
夏同善,周玉麒,Directed,為Y之學生,1
王拯,梅曾亮,Directed,為Y之學生,1
段玉裁,尹會一,Directed,為Y之學生,1
段玉裁,戴震,Directed,為Y之學生,1
段玉裁,尹元孚,Directed,為Y之學生,1
段玉裁,蔡一帆,Directed,為Y之學生,1
郭金城,李塨,Directed,為Y之學生,1
郭金城,顏元,Directed,為Y之學生,1
李衛,朱文端,Directed,為Y之學生,1
陳世倌,萬經,Directed,為Y之學生,1
陳希曾,魯山木,Directed,為Y之學生,1
陳儀,井在,Directed,為Y之學生,1
吳三桂,董其昌,Directed,為Y之學生,1
吳廷棟,張小軒,Directed,為Y之學生,1
李國柱,趙執信,Directed,為Y之學生,1
李雲麟,曾國藩,Directed,為Y之學生,1
呂佺孫,姚元之,Directed,為Y之學生,1
李鴻章,曾國藩,Directed,為Y之學生,1
沈起元,張伯行,Directed,為Y之學生,1
沈起元,李紱,Directed,為Y之學生,1
鍾依三多,俞樾,Directed,為Y之學生,1
李鈞,曹振鏞,Directed,為Y之學生,1
李鈞,黃鉞,Directed,為Y之學生,1
李鈞,董誥,Directed,為Y之學生,1
李鈞,卿祖培,Directed,為Y之學生,1
李鈞,孔昭虔,Directed,為Y之學生,1
李鈞,姚堃,Directed,為Y之學生,1
李鈞,戴鈞元,Directed,為Y之學生,1
李鈞,蕭以莊,Directed,為Y之學生,1
李綬,陳鍔,Directed,為Y之學生,1
汪守和,吳少華,Directed,為Y之學生,1
汪守和,王乙齋,Directed,為Y之學生,1
沈廷芳,方苞,Directed,為Y之學生,1
沈廷芳,沈德潛,Directed,為Y之學生,1
林天齡,彭蘊章,Directed,為Y之學生,1
官獻瑤,方苞,Directed,為Y之學生,1
胡中藻,西林覺羅鄂爾泰,Directed,為Y之學生,1
張亨嘉,林翥坡,Directed,為Y之學生,1
朱一新,俞樾,Directed,為Y之學生,1
蔣彬蔚,郭祥瑞,Directed,為Y之學生,1
徐宗幹,丁芸芳,Directed,為Y之學生,1
徐宗幹,唐仲勉,Directed,為Y之學生,1
胡肇智,胡心泉,Directed,為Y之學生,1
陶模,沈曰富,Directed,為Y之學生,1
陶模,陳壽熊,Directed,為Y之學生,1
陶模,顧廣譽,Directed,為Y之學生,1
何桂珍,倭仁,Directed,為Y之學生,1
吳坤修,曾國藩,Directed,為Y之學生,1
吳鍾駿,朱珔,Directed,為Y之學生,1
王章,張沐,Directed,為Y之學生,1
劉鳳誥,彭元瑞,Directed,為Y之學生,1
陳用光,姚鼐,Directed,為Y之學生,1
愛新覺羅奕譞,曾璧光,Directed,為Y之學生,1
愛新覺羅奕誴,烏齊格里倭仁,Directed,為Y之學生,1
愛新覺羅奕誴,馮培元,Directed,為Y之學生,1
徐元文,尤侗,Directed,為Y之學生,1
徐元文,衛周祚,Directed,為Y之學生,1
胡家玉,福申,Directed,為Y之學生,1
曹毓瑛,李申耆,Directed,為Y之學生,1
桑春榮,潘世恩,Directed,為Y之學生,1
桑春榮,朱士彥,Directed,為Y之學生,1
桑春榮,戴敦元,Directed,為Y之學生,1
桑春榮,穆彰阿,Directed,為Y之學生,1
吳大澂,俞樾,Directed,為Y之學生,1
吳大澂,陳碩父,Directed,為Y之學生,1
何逄僖,葉觀國,Directed,為Y之學生,1
于庫里恩銘,文格,Directed,為Y之學生,1
于庫里恩銘,陳士杰,Directed,為Y之學生,1
秦綬章,馮桂芬,Directed,為Y之學生,1
秦綬章,李鴻章,Directed,為Y之學生,1
周永年,沈起元,Directed,為Y之學生,1
裴?度,韓菼,Directed,為Y之學生,1
孫詒經,周玉麒,Directed,為Y之學生,1
孫家鼐,李菡,Directed,為Y之學生,1
孫家榖,李菡,Directed,為Y之學生,1
董恂,何桂清,Directed,為Y之學生,1
徐枋,鄭敷教,Directed,為Y之學生,1
徐枋,朱集璜,Directed,為Y之學生,1
盧傳,曹本榮,Directed,為Y之學生,1
吳雯,王士禎,Directed,為Y之學生,1
朱孝純,劉大櫆,Directed,為Y之學生,1
戴敦元,王昶,Directed,為Y之學生,1
愛新覺羅顒琰,朱珪,Directed,為Y之學生,1
愛新覺羅顒琰,謝墉,Directed,為Y之學生,1
馮譽驥,文慶,Directed,為Y之學生,1
愛新覺羅允礽,湯斌,Directed,為Y之學生,1
愛新覺羅允礽,張英,Directed,為Y之學生,1
愛新覺羅允礽,熊賜履,Directed,為Y之學生,1
愛新覺羅允礽,李光地,Directed,為Y之學生,1
馮煦,成孺,Directed,為Y之學生,1
馮煦,喬守敬,Directed,為Y之學生,1
安維峻,吳可讀,Directed,為Y之學生,1
愛新覺羅胤禛,伊爾根覺羅顧八代,Directed,為Y之學生,1
姜元衡,叢貞一,Directed,為Y之學生,1
姜元衡,叢五瑞,Directed,為Y之學生,1
嘉穆巴圖多普,沙布嚨普爾覺羅布藏楚稱甲木巴勒嘉木瑳,Directed,為Y之學生,1
張岳崧,陳壽祺,Directed,為Y之學生,1
張玉書,王熙,Directed,為Y之學生,1
張玉書,成克鞏,Directed,為Y之學生,1
喬照,池天榮,Directed,為Y之學生,1
孫詒讓,劉壽曾,Directed,為Y之學生,1
孫詒讓,戴望,Directed,為Y之學生,1
孫詒讓,唐仁義,Directed,為Y之學生,1
鮑桂星,姚鼐,Directed,為Y之學生,1
鮑桂星,吳定,Directed,為Y之學生,1
卓橒,闞惟寅,Directed,為Y之學生,1
卓橒,彭運亨,Directed,為Y之學生,1
卓橒,趙國鼎,Directed,為Y之學生,1
卓橒,余淩雲,Directed,為Y之學生,1
楊慶琛,劉廷榆,Directed,為Y之學生,1
愛新覺羅奕謨,殷兆鏞,Directed,為Y之學生,1
愛新覺羅奕謨,孫家鼐,Directed,為Y之學生,1
愛新覺羅奕譓,呂朝瑞,Directed,為Y之學生,1
羅正鈞,郭嵩燾,Directed,為Y之學生,1
范梁,徐廷英,Directed,為Y之學生,1
范梁,張松齡,Directed,為Y之學生,1
范梁,范新,Directed,為Y之學生,1
范梁,劉勳,Directed,為Y之學生,1
范梁,趙丙奎,Directed,為Y之學生,1
范梁,魏繼相,Directed,為Y之學生,1
范梁,姚伊憲,Directed,為Y之學生,1
范梁,吳康圻,Directed,為Y之學生,1
范梁,何烺,Directed,為Y之學生,1
范梁,周龍章,Directed,為Y之學生,1
李彥章,翁方綱,Directed,為Y之學生,1
張家驤,周玉麒,Directed,為Y之學生,1
鄒容,呂翼文,Directed,為Y之學生,1
洪昇,王士禎,Directed,為Y之學生,1
洪昇,施閏章,Directed,為Y之學生,1
洪秀全,朱九疇,Directed,為Y之學生,1
吳歷,錢謙益,Directed,為Y之學生,1
吳歷,王時敏,Directed,為Y之學生,1
吳歷,王鑑,Directed,為Y之學生,1
吳歷,陳瑚,Directed,為Y之學生,1
呂葆中,張履祥,Directed,為Y之學生,1
蔣啟敭,程祖洛,Directed,為Y之學生,1
蔣啟敭,鄭世任,Directed,為Y之學生,1
蔣啟敭,沈學厚,Directed,為Y之學生,1
蔣啟敭,王贈芳,Directed,為Y之學生,1
蔣啟敭,蔣崧,Directed,為Y之學生,1
蔣啟敭,蔣鼎山,Directed,為Y之學生,1
陳芳績,顧炎武,Directed,為Y之學生,1
陳洪綬,劉宗周,Directed,為Y之學生,1
陳維崧,吳偉業,Directed,為Y之學生,1
陳撰,毛奇齡,Directed,為Y之學生,1
仇兆鰲,黃宗羲,Directed,為Y之學生,1
陸世儀,趙自新,Directed,為Y之學生,1
陸世儀,石電,Directed,為Y之學生,1
章學誠,童鈺,Directed,為Y之學生,1
章學誠,劉文蔚,Directed,為Y之學生,1
方宗誠,許鼎,Directed,為Y之學生,1
方東樹,姚鼐,Directed,為Y之學生,1
李續賓,羅澤南,Directed,為Y之學生,1
曹錫齡,錢大昕,Directed,為Y之學生,1
曹錫齡,朱珪,Directed,為Y之學生,1
劉文淇,包進臣,Directed,為Y之學生,1
李善蘭,陳奐,Directed,為Y之學生,1
杜越,鹿善繼,Directed,為Y之學生,1
沈彤,張伯行,Directed,為Y之學生,1
沈彤,方苞,Directed,為Y之學生,1
沈彤,楊名時,Directed,為Y之學生,1
沈彤,何焯,Directed,為Y之學生,1
沈近思,周思敏,Directed,為Y之學生,1
沈近思,嚴寶成,Directed,為Y之學生,1
沈近思,錢圓沙,Directed,為Y之學生,1
沈近思,借巢老人,Directed,為Y之學生,1
沈炳震,何煜,Directed,為Y之學生,1
劉寶楠,劉臺拱,Directed,為Y之學生,1
彭鵬,王錫琯,Directed,為Y之學生,1
納喇揆敍,吳兆騫,Directed,為Y之學生,1
納喇揆敍,查慎行,Directed,為Y之學生,1
汪中,王昶,Directed,為Y之學生,1
納蘭性德,徐乾學,Directed,為Y之學生,1
程晉芳,朱筠,Directed,為Y之學生,1
程晉芳,戴震,Directed,為Y之學生,1
程晉芳,劉大櫆,Directed,為Y之學生,1
林佶,王士禎,Directed,為Y之學生,1
林佶,汪琬,Directed,為Y之學生,1
林佶,陳廷敬,Directed,為Y之學生,1
邱逢甲,吳子光,Directed,為Y之學生,1
費密,孫奇逢,Directed,為Y之學生,1
章宗源,邵晉涵,Directed,為Y之學生,1
鄭珍,程恩澤,Directed,為Y之學生,1
愛新覺羅奕詝,杜受田,Directed,為Y之學生,1
王翬,王時敏,Directed,為Y之學生,1
王翬,王鑑,Directed,為Y之學生,1
王翬,張珂,Directed,為Y之學生,1
張裕釗,曾國藩,Directed,為Y之學生,1
張漣,董其昌,Directed,為Y之學生,1
張履祥,劉宗周,Directed,為Y之學生,1
張履祥,傅光日,Directed,為Y之學生,1
張履祥,孫台衡,Directed,為Y之學生,1
愛新覺羅奕誌,張金鏞,Directed,為Y之學生,1
申涵光,孫奇逢,Directed,為Y之學生,1
黃紹箕,張廣雅,Directed,為Y之學生,1
戴熙,周凱,Directed,為Y之學生,1
戴震,江永,Directed,為Y之學生,1
黃景仁,朱筠,Directed,為Y之學生,1
黃景仁,王昶,Directed,為Y之學生,1
黃景仁,邵齊燾,Directed,為Y之學生,1
歸莊,錢謙益,Directed,為Y之學生,1
魏源,劉逢祿,Directed,為Y之學生,1
魏源,莊存與,Directed,為Y之學生,1
楊文驄,董其昌,Directed,為Y之學生,1
羅士琳,阮元,Directed,為Y之學生,1
譚嗣同,楊文會,Directed,為Y之學生,1
譚嗣同,歐陽中鵠,Directed,為Y之學生,1
譚嗣同,康有為,Directed,為Y之學生,1
何焯,韓菼,Directed,為Y之學生,1
何焯,翁叔元,Directed,為Y之學生,1
何焯,李光地,Directed,為Y之學生,1
朱彜尊,董其昌,Directed,為Y之學生,1
江聲,惠棟,Directed,為Y之學生,1
余蕭客,惠棟,Directed,為Y之學生,1
余集,裘曰修,Directed,為Y之學生,1
周揆源,張蓮濤,Directed,為Y之學生,1
陳啟邁,姚元之,Directed,為Y之學生,1
倪文蔚,王植,Directed,為Y之學生,1
倪文蔚,蔣文慶,Directed,為Y之學生,1
倪文蔚,李菡,Directed,為Y之學生,1
倪文蔚,季芝昌,Directed,為Y之學生,1
倪文蔚,張雲藻,Directed,為Y之學生,1
倪文蔚,車克慎,Directed,為Y之學生,1
倪文蔚,張寅,Directed,為Y之學生,1
倪文蔚,張觀美,Directed,為Y之學生,1
倪文蔚,萬兆霖,Directed,為Y之學生,1
倪文蔚,劉國霖,Directed,為Y之學生,1
倪文蔚,史鴻舉,Directed,為Y之學生,1
倪文蔚,張錫蕃,Directed,為Y之學生,1
朱綱,王士禎,Directed,為Y之學生,1
戈濤,鮑梓,Directed,為Y之學生,1
陳伯陶,陳澧,Directed,為Y之學生,1
陶琰,蔡懋德,Directed,為Y之學生,1
陳浩,方苞,Directed,為Y之學生,1
朱耷,耕庵老人,Directed,為Y之學生,1
丁兆慶,陳杰,Directed,為Y之學生,1
周學熙,李慈銘,Directed,為Y之學生,1
方正澍,何士客,Directed,為Y之學生,1
方士庶,黃鼎,Directed,為Y之學生,1
方申,劉文淇,Directed,為Y之學生,1
方楘如,毛奇齡,Directed,為Y之學生,1
方坰,徐熊飛,Directed,為Y之學生,1
方坰,顧廣譽,Directed,為Y之學生,1
張同敞,瞿式耜,Directed,為Y之學生,1
王心敬,李顒,Directed,為Y之學生,1
卞斌,阮元,Directed,為Y之學生,1
王又樸,方苞,Directed,為Y之學生,1
王乃新,劉文麟,Directed,為Y之學生,1
王士讓,陳句山,Directed,為Y之學生,1
王大有,戴煦,Directed,為Y之學生,1
王以銜,竇光鼐,Directed,為Y之學生,1
王灼,劉大櫆,Directed,為Y之學生,1
牛樹梅,祁寯藻,Directed,為Y之學生,1
牛樹梅,梁葆慶,Directed,為Y之學生,1
王巡泰,孫景烈,Directed,為Y之學生,1
王來咸,單師南,Directed,為Y之學生,1
王衍梅,阮元,Directed,為Y之學生,1
王原,陸隴其,Directed,為Y之學生,1
王原,湯斌,Directed,為Y之學生,1
鹿丕宗,吳烜,Directed,為Y之學生,1
王朝式,沈國模,Directed,為Y之學生,1
王喆生,朱用純,Directed,為Y之學生,1
王聘珍,翁方綱,Directed,為Y之學生,1
王猷定,錢謙益,Directed,為Y之學生,1
王萱齡,王引之,Directed,為Y之學生,1
王餘佑,孫奇逢,Directed,為Y之學生,1
王餘佑,杜越,Directed,為Y之學生,1
王餘佑,鹿善繼,Directed,為Y之學生,1
王錱,羅澤南,Directed,為Y之學生,1
王學浩,李豫德,Directed,為Y之學生,1
王學浩,沈石田,Directed,為Y之學生,1
蔣樞,毛奇齡,Directed,為Y之學生,1
丁履恆,盧文弨,Directed,為Y之學生,1
卜葆鈖,徐熊飛,Directed,為Y之學生,1
卜葆鈖,徐士芬,Directed,為Y之學生,1
卜葆鈖,方球,Directed,為Y之學生,1
卜葆鈖,張躍鱗,Directed,為Y之學生,1
卜葆鈖,陸沅,Directed,為Y之學生,1
卜葆鈖,夏鼎,Directed,為Y之學生,1
卜葆鈖,黃安濤,Directed,為Y之學生,1
卜葆鈖,程元棫,Directed,為Y之學生,1
卜葆鈖,馮淑,Directed,為Y之學生,1
卜葆鈖,夏鼎,Directed,為Y之學生,1
于鰲圖,郭潔,Directed,為Y之學生,1
于鰲圖,觀保,Directed,為Y之學生,1
馬其昶,吳汝綸,Directed,為Y之學生,1
馬其昶,方宗誠,Directed,為Y之學生,1
馬其昶,張裕釗,Directed,為Y之學生,1
馬學易,朱珔,Directed,為Y之學生,1
馬復震,方宗誠,Directed,為Y之學生,1
馬起升,方東樹,Directed,為Y之學生,1
王章,張沐,Directed,為Y之學生,1
王繻,湯斌,Directed,為Y之學生,1
王仁俊,俞樾,Directed,為Y之學生,1
王仁俊,黃彭年,Directed,為Y之學生,1
王兆符,方苞,Directed,為Y之學生,1
王敬銘,王原祁,Directed,為Y之學生,1
方士淦,鮑桂星,Directed,為Y之學生,1
方道希,李塨,Directed,為Y之學生,1
計東,湯斌,Directed,為Y之學生,1
計東,汪琬,Directed,為Y之學生,1
計東,曹本榮,Directed,為Y之學生,1
孔廣牧,成孺,Directed,為Y之學生,1
甘京,謝文洊,Directed,為Y之學生,1
甘運源,劉大櫆,Directed,為Y之學生,1
盧鎬,全祖望,Directed,為Y之學生,1
盧炳濤,戴璐,Directed,為Y之學生,1
盧炳濤,張若采,Directed,為Y之學生,1
盧炳濤,潘庭筠,Directed,為Y之學生,1
盧炳濤,李如蘭,Directed,為Y之學生,1
盧炳濤,錢均,Directed,為Y之學生,1
盧炳濤,趙士霖,Directed,為Y之學生,1
葉新,李塨,Directed,為Y之學生,1
史申義,王士禎,Directed,為Y之學生,1
史致諤,姚元之,Directed,為Y之學生,1
樂鈞,翁方綱,Directed,為Y之學生,1
馮志沂,梅曾亮,Directed,為Y之學生,1
呂飛鵬,凌廷堪,Directed,為Y之學生,1
呂飛鵬,汪廷珍,Directed,為Y之學生,1
朱仕琇,汪世麟,Directed,為Y之學生,1
朱銘盤,張裕釗,Directed,為Y之學生,1
朱彭壽,吳樹梅,Directed,為Y之學生,1
華允誠,高攀龍,Directed,為Y之學生,1
華玉淳,顧棟高,Directed,為Y之學生,1
伊秉綬,陰靜夫,Directed,為Y之學生,1
莊亨陽,李光地,Directed,為Y之學生,1
劉凡,計東,Directed,為Y之學生,1
劉開,姚鼐,Directed,為Y之學生,1
劉廷榆,潘世恩,Directed,為Y之學生,1
劉廷榆,王鼎,Directed,為Y之學生,1
劉廷榆,湯金釗,Directed,為Y之學生,1
劉廷榆,楊以增,Directed,為Y之學生,1
劉廷榆,傅繩勛,Directed,為Y之學生,1
劉廷榆,毛樹棠,Directed,為Y之學生,1
劉廷榆,卓秉恬,Directed,為Y之學生,1
劉廷榆,王丙,Directed,為Y之學生,1
劉廷榆,季芝昌,Directed,為Y之學生,1
劉廷榆,宗元醇,Directed,為Y之學生,1
劉廷榆,許前軫,Directed,為Y之學生,1
劉廷榆,穆彰阿,Directed,為Y之學生,1
劉廷榆,莊瑤,Directed,為Y之學生,1
劉廷榆,恩桂,Directed,為Y之學生,1
劉廷榆,張存素,Directed,為Y之學生,1
劉廷榆,姜宮綬,Directed,為Y之學生,1
劉廷榆,車克愼,Directed,為Y之學生,1
劉孚京,吳汝綸,Directed,為Y之學生,1
劉恭冕,俞樾,Directed,為Y之學生,1
江承之,張惠言,Directed,為Y之學生,1
湯球,俞正燮,Directed,為Y之學生,1
湯球,汪文臺,Directed,為Y之學生,1
湯右曾,王士禎,Directed,為Y之學生,1
湯來賀,黃端伯,Directed,為Y之學生,1
許三禮,孫奇逢,Directed,為Y之學生,1
許振礽,徐盛持,Directed,為Y之學生,1
許振礽,宋鳴琦,Directed,為Y之學生,1
紀昭,鮑梓,Directed,為Y之學生,1
孫經世,陳壽祺,Directed,為Y之學生,1
孫葆田,張裕釗,Directed,為Y之學生,1
于壽昌,吳和甫,Directed,為Y之學生,1
于壽昌,馮景亭,Directed,為Y之學生,1
嚴如熤,羅典,Directed,為Y之學生,1
勞格,朱以升,Directed,為Y之學生,1
勞孝輿,惠士奇,Directed,為Y之學生,1
蘇珥,惠士奇,Directed,為Y之學生,1
蘇惇元,方東樹,Directed,為Y之學生,1
楊峴,周玉麒,Directed,為Y之學生,1
楊文薦,萬元吉,Directed,為Y之學生,1
李惇,謝墉,Directed,為Y之學生,1
李光縉,蘇濬,Directed,為Y之學生,1
李學裕,胡煦,Directed,為Y之學生,1
李學裕,胡煦,Directed,為Y之學生,1
李經世,冉覲祖,Directed,為Y之學生,1
李經世,張沐,Directed,為Y之學生,1
李經世,耿介,Directed,為Y之學生,1
李貽德,孫星衍,Directed,為Y之學生,1
李鍾倫,梅文鼎,Directed,為Y之學生,1
李鍾泗,黃洙,Directed,為Y之學生,1
李賡芸,錢大昕,Directed,為Y之學生,1
吳雲,何紹基,Directed,為Y之學生,1
吳定,劉大櫆,Directed,為Y之學生,1
吳熙載,包世臣,Directed,為Y之學生,1
吳廷香,方東樹,Directed,為Y之學生,1
吳昆田,姚元之,Directed,為Y之學生,1
吳昆田,潘德輿,Directed,為Y之學生,1
吳鍾巒,高攀龍,Directed,為Y之學生,1
吳鍾巒,孫慎行,Directed,為Y之學生,1
吳鍾巒,顧憲成,Directed,為Y之學生,1
吳鍾巒,馮從吾,Directed,為Y之學生,1
吳泰來,畢沅,Directed,為Y之學生,1
吳蒂元,戴均元,Directed,為Y之學生,1
吳蒂元,呂夢飛,Directed,為Y之學生,1
吳蒂元,許作屏,Directed,為Y之學生,1
吳蒂元,馬俊良,Directed,為Y之學生,1
吳蒂元,饒謙,Directed,為Y之學生,1
何夢瑤,惠士奇,Directed,為Y之學生,1
何藻翔,廖廷相,Directed,為Y之學生,1
何藻翔,李文田,Directed,為Y之學生,1
何藻翔,余鼎三,Directed,為Y之學生,1
何藻翔,李洛譜,Directed,為Y之學生,1
何藻翔,樊介軒,Directed,為Y之學生,1
余元遴,汪紱,Directed,為Y之學生,1
汪沆,厲鶚,Directed,為Y之學生,1
汪鎣,程焜,Directed,為Y之學生,1
汪鑒,勞史,Directed,為Y之學生,1
汪宗沂,李聯琇,Directed,為Y之學生,1
汪宗沂,方宗誠,Directed,為Y之學生,1
汪宗沂,劉文淇,Directed,為Y之學生,1
汪家禧,阮元,Directed,為Y之學生,1
沈昀,劉宗周,Directed,為Y之學生,1
沈昀,黎元寬,Directed,為Y之學生,1
沈垚,研國,Directed,為Y之學生,1
沈垚,研孰,Directed,為Y之學生,1
沈荃,王熙,Directed,為Y之學生,1
沈起,查繼佐,Directed,為Y之學生,1
沈濤,段玉裁,Directed,為Y之學生,1
沈光文,黃道周,Directed,為Y之學生,1
宋書升,張裕釗,Directed,為Y之學生,1
張沐,孫奇逢,Directed,為Y之學生,1
張弨,顧炎武,Directed,為Y之學生,1
張炳,全祖望,Directed,為Y之學生,1
張履,錢儀吉,Directed,為Y之學生,1
張履,張海珊,Directed,為Y之學生,1
張謇,張裕釗,Directed,為Y之學生,1
張廷濟,吳懋政,Directed,為Y之學生,1
張海珊,張士元,Directed,為Y之學生,1
張家玉,林洊,Directed,為Y之學生,1
張甄陶,方苞,Directed,為Y之學生,1
陸寅,沈昀,Directed,為Y之學生,1
陸以湉,毛式郇,Directed,為Y之學生,1
陸伯焜,王昶,Directed,為Y之學生,1
陸伯焜,張策時,Directed,為Y之學生,1
陸繼輅,錢伯坰,Directed,為Y之學生,1
陳立,劉文淇,Directed,為Y之學生,1
陳立,凌曙,Directed,為Y之學生,1
陳立,梅植之,Directed,為Y之學生,1
陳奐,王念孫,Directed,為Y之學生,1
陳奐,王引之,Directed,為Y之學生,1
陳奐,段玉裁,Directed,為Y之學生,1
陳奐,馬釗,Directed,為Y之學生,1
陳奐,江沅,Directed,為Y之學生,1
陳奐,蔣仁榮,Directed,為Y之學生,1
陳奐,管慶祺,Directed,為Y之學生,1
陳奐,戴望,Directed,為Y之學生,1
陳奐,江聲善,Directed,為Y之學生,1
陳奐,費寶鍔,Directed,為Y之學生,1
陳三島,劉永錫,Directed,為Y之學生,1
陳萬青,蔡履元,Directed,為Y之學生,1
陳慶門,王心敬,Directed,為Y之學生,1
陳克家,姚瑩,Directed,為Y之學生,1
陳其元,姚光晉,Directed,為Y之學生,1
陳厚耀,梅文鼎,Directed,為Y之學生,1
陳景雲,何焯,Directed,為Y之學生,1
陳履和,崔述,Directed,為Y之學生,1
范當世,吳汝綸,Directed,為Y之學生,1
范當世,張裕釗,Directed,為Y之學生,1
范當世,張欲釗,Directed,為Y之學生,1
羅聘,金農,Directed,為Y之學生,1
羅天尺,惠士奇,Directed,為Y之學生,1
羅有高,鄧元昌,Directed,為Y之學生,1
金農,葛長庚,Directed,為Y之學生,1
金農,何焯,Directed,為Y之學生,1
金農,石室老人,Directed,為Y之學生,1
金農,石室老人,Directed,為Y之學生,1
金敞,湯之錡,Directed,為Y之學生,1
金溶,孫嘉淦,Directed,為Y之學生,1
金溶,廬錦,Directed,為Y之學生,1
金榜,江永,Directed,為Y之學生,1
金榜,劉大櫆,Directed,為Y之學生,1
金鶚,高祖汪廷珍,Directed,為Y之學生,1
金雲門,何應松,Directed,為Y之學生,1
周凱,張惠言,Directed,為Y之學生,1
周凱,惲敬,Directed,為Y之學生,1
周凱,朱仕琇,Directed,為Y之學生,1
周凱,董文恭,Directed,為Y之學生,1
周凱,高澍,Directed,為Y之學生,1
周士儀,王夫之,Directed,為Y之學生,1
鄭國鴻,嚴如熤,Directed,為Y之學生,1
鄭福照,方東樹,Directed,為Y之學生,1
單作哲,方苞,Directed,為Y之學生,1
宗元鼎,王士禎,Directed,為Y之學生,1
封濬,謝文洊,Directed,為Y之學生,1
趙紹祖,朱筠,Directed,為Y之學生,1
趙潤生,劉燮臣,Directed,為Y之學生,1
趙潤生,胡嗣寅,Directed,為Y之學生,1
趙椿年,黃體芳,Directed,為Y之學生,1
胡秉虔,阮元,Directed,為Y之學生,1
胡秉虔,朱珪,Directed,為Y之學生,1
胡秉虔,彭元端,Directed,為Y之學生,1
茹敦和,夏之蓉,Directed,為Y之學生,1
柳興恩,阮元,Directed,為Y之學生,1
俞奎垣,彭蘊章,Directed,為Y之學生,1
施補華,俞樾,Directed,為Y之學生,1
惲日初,劉宗周,Directed,為Y之學生,1
姜垓,徐汧,Directed,為Y之學生,1
洪頤煊,孫星衍,Directed,為Y之學生,1
洪震煊,孫星衍,Directed,為Y之學生,1
祝淵,劉宗周,Directed,為Y之學生,1
姚瑚,張履祥,Directed,為Y之學生,1
姚椿,姚鼐,Directed,為Y之學生,1
姚光發,萬臺,Directed,為Y之學生,1
駱騰鳳,李潢,Directed,為Y之學生,1
袁繼梓,施閏章,Directed,為Y之學生,1
耿介,孫奇逢,Directed,為Y之學生,1
桂馥,阮元,Directed,為Y之學生,1
夏鸞翔,項名達,Directed,為Y之學生,1
顧樞,高攀龍,Directed,為Y之學生,1
顧有孝,陳子龍,Directed,為Y之學生,1
錢林,阮元,Directed,為Y之學生,1
錢以同,陶澍,Directed,為Y之學生,1
錢以同,陳鑾,Directed,為Y之學生,1
錢以同,姚文田,Directed,為Y之學生,1
錢以同,程祖洛,Directed,為Y之學生,1
錢以同,趙炳言,Directed,為Y之學生,1
錢以同,單懋謙,Directed,為Y之學生,1
錢以同,白鎔,Directed,為Y之學生,1
錢以同,汪守和,Directed,為Y之學生,1
錢以同,卓秉恬,Directed,為Y之學生,1
錢以同,周系英,Directed,為Y之學生,1
錢以同,王青蓮,Directed,為Y之學生,1
錢以同,王惟諴,Directed,為Y之學生,1
錢以同,吳雲,Directed,為Y之學生,1
錢以同,何森林,Directed,為Y之學生,1
錢以同,崔錫華,Directed,為Y之學生,1
錢以同,賀崇禧,Directed,為Y之學生,1
錢以同,張崇懿,Directed,為Y之學生,1
錢以同,侯承慶,Directed,為Y之學生,1
錢以同,趙烈,Directed,為Y之學生,1
錢以同,趙連茹,Directed,為Y之學生,1
錢以同,李錫瓚,Directed,為Y之學生,1
錢以同,朱鼐,Directed,為Y之學生,1
錢以同,申敦賢,Directed,為Y之學生,1
錢以同,趙烈府,Directed,為Y之學生,1
錢名世,萬斯同,Directed,為Y之學生,1
錢伯坰,劉大櫆,Directed,為Y之學生,1
錢澄之,黃道周,Directed,為Y之學生,1
徐相,鄂恆,Directed,為Y之學生,1
徐相,張姚錫,Directed,為Y之學生,1
徐相,劉遵和,Directed,為Y之學生,1
徐相,楊曉春,Directed,為Y之學生,1
徐晟,劉永錫,Directed,為Y之學生,1
徐駿,周雲陔,Directed,為Y之學生,1
徐子苓,姚瑩,Directed,為Y之學生,1
徐用錫,李光地,Directed,為Y之學生,1
徐葆光,何焯,Directed,為Y之學生,1
奚岡,華喦,Directed,為Y之學生,1
高澍然,朱仕琇,Directed,為Y之學生,1
唐岱,王原祁,Directed,為Y之學生,1
唐才常,歐陽中鵠,Directed,為Y之學生,1
唐紹祖,姜宸英,Directed,為Y之學生,1
唐紹祖,李光地,Directed,為Y之學生,1
黃鼎,王原祁,Directed,為Y之學生,1
黃熙,謝文洊,Directed,為Y之學生,1
黃以周,俞樾,Directed,為Y之學生,1
黃本訥,張沐,Directed,為Y之學生,1
蕭穆,錢儀吉,Directed,為Y之學生,1
蕭穆,錢泰吉,Directed,為Y之學生,1
蕭穆,方宗誠,Directed,為Y之學生,1
蕭穆,劉宅俊,Directed,為Y之學生,1
梅植之,包世臣,Directed,為Y之學生,1
梅曾亮,姚鼐,Directed,為Y之學生,1
梅曾亮,管同,Directed,為Y之學生,1
曹禾,陸世儀,Directed,為Y之學生,1
龔景瀚,朱仕琇,Directed,為Y之學生,1
盛楓,朱彜尊,Directed,為Y之學生,1
崔蔚林,孫奇逢,Directed,為Y之學生,1
康有為,翁同龢,Directed,為Y之學生,1
康有為,朱次琦,Directed,為Y之學生,1
鹿祐,馮雲驌,Directed,為Y之學生,1
閻循觀,滕綱,Directed,為Y之學生,1
梁份,魏禧,Directed,為Y之學生,1
梁份,彭士望,Directed,為Y之學生,1
梁士詒,翁同龢,Directed,為Y之學生,1
梁士詒,張之萬,Directed,為Y之學生,1
梁士詒,王仁堪,Directed,為Y之學生,1
梁士詒,薛允升,Directed,為Y之學生,1
梁士詒,楊頤,Directed,為Y之學生,1
梁士詒,李端棻,Directed,為Y之學生,1
梁士詒,李鴻藻,Directed,為Y之學生,1
梁士詒,汪鳴鑾,Directed,為Y之學生,1
梁士詒,徐郙,Directed,為Y之學生,1
梁士詒,何又雄,Directed,為Y之學生,1
梁士詒,陳瀚,Directed,為Y之學生,1
梁士詒,陳紹棠,Directed,為Y之學生,1
梁士詒,麟書,Directed,為Y之學生,1
梁士詒,志銳,Directed,為Y之學生,1
梁士詒,陳序球,Directed,為Y之學生,1
梁士詒,羅惇曧,Directed,為Y之學生,1
梁士詒,梁殿勤,Directed,為Y之學生,1
梁士詒,梁騮藻,Directed,為Y之學生,1
梁士詒,黃心齡,Directed,為Y之學生,1
梁士詒,呂洪,Directed,為Y之學生,1
梁以樟,左光斗,Directed,為Y之學生,1
梁啟超,李端棻,Directed,為Y之學生,1
彭遐齡,牛金星,Directed,為Y之學生,1
董國華,錢大昕,Directed,為Y之學生,1
董秉純,全祖望,Directed,為Y之學生,1
蔣杲,何焯,Directed,為Y之學生,1
蔣衡,王源,Directed,為Y之學生,1
蔣衡,楊賓,Directed,為Y之學生,1
蔣恭棐,何焯,Directed,為Y之學生,1
韓孔當,沈國模,Directed,為Y之學生,1
韓孔當,管宗聖,Directed,為Y之學生,1
惠周惕,汪琬,Directed,為Y之學生,1
惠周惕,徐枋,Directed,為Y之學生,1
程崟,方苞,Directed,為Y之學生,1
程瑤田,江永,Directed,為Y之學生,1
程瑤田,方粹然,Directed,為Y之學生,1
傅壽彤,何道州,Directed,為Y之學生,1
魯一同,潘德輿,Directed,為Y之學生,1
魯九皋,朱仕琇,Directed,為Y之學生,1
魯九皋,魯鴻,Directed,為Y之學生,1
溫儀,王原祁,Directed,為Y之學生,1
蒯光典,張之洞,Directed,為Y之學生,1
簡朝亮,朱次琦,Directed,為Y之學生,1
蔡念慈,翁心存,Directed,為Y之學生,1
蔡念慈,錢寶琛,Directed,為Y之學生,1
蔡念慈,梁萼涵,Directed,為Y之學生,1
蔡念慈,史評,Directed,為Y之學生,1
蔡念慈,李宗瀚,Directed,為Y之學生,1
蔡念慈,李振祜,Directed,為Y之學生,1
蔡念慈,卓秉恬,Directed,為Y之學生,1
蔡念慈,張琴,Directed,為Y之學生,1
蔡念慈,朱栻之,Directed,為Y之學生,1
蔡念慈,宋其沅,Directed,為Y之學生,1
蔡念慈,鄭紹謙,Directed,為Y之學生,1
蔡念慈,許乃賡,Directed,為Y之學生,1
蔡念慈,德興,Directed,為Y之學生,1
蔡念慈,沈學廉,Directed,為Y之學生,1
蔡念慈,溫廷獻,Directed,為Y之學生,1
蔡念慈,湯景和,Directed,為Y之學生,1
蔡念慈,成世瑄,Directed,為Y之學生,1
蔡念慈,恩桂,Directed,為Y之學生,1
蔡念慈,楊翔龍,Directed,為Y之學生,1
蔡念慈,顧曾,Directed,為Y之學生,1
蔡念慈,王安瀾,Directed,為Y之學生,1
蔡念慈,竇欲峻,Directed,為Y之學生,1
蔡念慈,烏爾恭額,Directed,為Y之學生,1
管同,姚鼐,Directed,為Y之學生,1
管同,梅曾亮,Directed,為Y之學生,1
譚敬昭,曹仁虎,Directed,為Y之學生,1
譚敬昭,姚文僖,Directed,為Y之學生,1
譚敬昭,戴文瑞,Directed,為Y之學生,1
熊其英,張瑛,Directed,為Y之學生,1
黎士弘,李世熊,Directed,為Y之學生,1
戴易,劉宗周,Directed,為Y之學生,1
戴望,俞樾,Directed,為Y之學生,1
戴望,宋翔鳳,Directed,為Y之學生,1
戴望,陳奐,Directed,為Y之學生,1
戴望,顏元,Directed,為Y之學生,1
戴煦,項名達,Directed,為Y之學生,1
戴鈞衡,方東樹,Directed,為Y之學生,1
戴殿江,張泰卿,Directed,為Y之學生,1
謝琳英,王氏(謝琳英伯母),Directed,為Y之學生,1
向蘊珍,朱芳徽,Directed,為Y之學生,1
王子蘭,汪端,Directed,為Y之學生,1
劉銘誌,王國維,Directed,為Y之學生,1
劉銘誌,梁啟超,Directed,為Y之學生,1
唐文治,譚宗浚,Directed,為Y之學生,1
愛新覺羅綿德,李中簡,Directed,為Y之學生,1
朱琰,張浦山,Directed,為Y之學生,1
朱琰,張看雲,Directed,為Y之學生,1
丁山,沈兼士,Directed,為Y之學生,1
方觀旭,阮元,Directed,為Y之學生,1
侯開國,陸隴其,Directed,為Y之學生,1
侯開國,陸元輔,Directed,為Y之學生,1
任大椿,戴震,Directed,為Y之學生,1
張夏,高世泰,Directed,為Y之學生,1
孫金彪,沈玉叔,Directed,為Y之學生,1
徐嘉瑞,吳烜,Directed,為Y之學生,1
烏梁罕貢桑諾爾布,丁錦堂,Directed,為Y之學生,1
康敉,吳福年,Directed,為Y之學生,1
康敉,馬疏,Directed,為Y之學生,1
康敉,楊維屏,Directed,為Y之學生,1
胡培翬,凌廷堪,Directed,為Y之學生,1
楊大堉,胡培翬,Directed,為Y之學生,1
劉湘煃,梅文鼎,Directed,為Y之學生,1
高怡,韓菼,Directed,為Y之學生,1
楊兆鋆,李善蘭,Directed,為Y之學生,1
楊兆鋆,華衡芳,Directed,為Y之學生,1
楊兆鋆,林樂知,Directed,為Y之學生,1
楊炳堃,施國祁,Directed,為Y之學生,1
余元璘,汪紱,Directed,為Y之學生,1
吳曰愼,高世泰,Directed,為Y之學生,1
姚宏任,應撝謙,Directed,為Y之學生,1
姜國霖,周士宏,Directed,為Y之學生,1
施璜,施閏章,Directed,為Y之學生,1
施璜,高世泰,Directed,為Y之學生,1
顧培,湯之錡,Directed,為Y之學生,1
喬僅,朱澤澐,Directed,為Y之學生,1
湯其仁,謝文洊,Directed,為Y之學生,1
韓當,沈國模,Directed,為Y之學生,1
熊方柏,李善蘭,Directed,為Y之學生,1
楊榮緖,白鎔,Directed,為Y之學生,1
曾曰都,謝文洊,Directed,為Y之學生,1
蔣學鏞,全祖望,Directed,為Y之學生,1
金曰追,王鳴盛,Directed,為Y之學生,1
鄭宗彜,范棫士,Directed,為Y之學生,1
張篤慶,施閏章,Directed,為Y之學生,1
顏鳴皐,朱鼎超,Directed,為Y之學生,1
顧湄,陳瑚,Directed,為Y之學生,1
陸奎勛,陸隴其,Directed,為Y之學生,1
承培元,李兆洛,Directed,為Y之學生,1
宋景昌,李兆洛,Directed,為Y之學生,1
繆尚誥,李兆洛,Directed,為Y之學生,1
彭泰來,程國仁,Directed,為Y之學生,1
管禮耕,馮桂芬,Directed,為Y之學生,1
袁寶璜,馮桂芬,Directed,為Y之學生,1
陶方琦,李慈銘,Directed,為Y之學生,1
譚廷獻,吳存義,Directed,為Y之學生,1
賀濤,吳汝綸,Directed,為Y之學生,1
賀濤,張裕釗,Directed,為Y之學生,1
朱澤澐,陳厚耀,Directed,為Y之學生,1
紀汝倫,林禹門,Directed,為Y之學生,1
張履旋,袁繼咸,Directed,為Y之學生,1
谷蘭芳,丁雲鵬,Directed,為Y之學生,1
安積覺,朱之瑜,Directed,為Y之學生,1
郭文鋕,朱珪,Directed,為Y之學生,1
郭文鋕,紀昀,Directed,為Y之學生,1
張尹,方苞,Directed,為Y之學生,1
張大受,韓菼,Directed,為Y之學生,1
岑光樾,溫肅,Directed,為Y之學生,1
馮嗣京,景日昣,Directed,為Y之學生,1
沈世煒,桑調元,Directed,為Y之學生,1
姚錫華,湯金釗,Directed,為Y之學生,1
董友筠,劉鶴鳴,Directed,為Y之學生,1
英和,王昶,Directed,為Y之學生,1
葛斗南,李良模,Directed,為Y之學生,1
黃世成,方苞,Directed,為Y之學生,1
蔡琳,吳和甫,Directed,為Y之學生,1
蔡琳,馮景亭,Directed,為Y之學生,1
楊裕芬,陳澧,Directed,為Y之學生,1
胡開益,閻泰和,Directed,為Y之學生,1
胡開益,莫晉,Directed,為Y之學生,1
胡開益,韓煇,Directed,為Y之學生,1
胡開益,游光繹,Directed,為Y之學生,1
胡開益,陸泌,Directed,為Y之學生,1
胡開益,宓如椿,Directed,為Y之學生,1
胡開益,楊輝宁,Directed,為Y之學生,1
趙逢源,楊祖健,Directed,為Y之學生,1
貴徵,姚鼐,Directed,為Y之學生,1
成城,沈廷芳,Directed,為Y之學生,1
成世瑄,郭蘭石,Directed,為Y之學生,1
曹坦,曹孚,Directed,為Y之學生,1
陸奎勳,陸隴其,Directed,為Y之學生,1
周炳鑑,楊南村,Directed,為Y之學生,1
周炳鑑,楊楚林,Directed,為Y之學生,1
周炳鑑,顧簣山,Directed,為Y之學生,1
周炳鑑,邱石香,Directed,為Y之學生,1
周炳鑑,宛名震,Directed,為Y之學生,1
周炳鑑,楊芳騰,Directed,為Y之學生,1
俞日灴,傅景錞,Directed,為Y之學生,1
俞日灴,俞帝頒,Directed,為Y之學生,1
俞日灴,厚慶,Directed,為Y之學生,1
俞日灴,俞君輿,Directed,為Y之學生,1
俞日灴,俞浚明,Directed,為Y之學生,1
張煓,張沐,Directed,為Y之學生,1
徐彬,喻昌,Directed,為Y之學生,1
徐彬,喻昌,Directed,為Y之學生,1
戴尚文,羅典,Directed,為Y之學生,1
鄒澍,吳德旋,Directed,為Y之學生,1
楊沂孫,李兆洛,Directed,為Y之學生,1
楊亮,包世臣,Directed,為Y之學生,1
馬元馭,惲格,Directed,為Y之學生,1
髠殘,浪杖人,Directed,為Y之學生,1
蘇寶盉,李文田,Directed,為Y之學生,1
張宗蒼,黃鼎,Directed,為Y之學生,1
楊晉,王翬,Directed,為Y之學生,1
羅惇曧,康有為,Directed,為Y之學生,1
龔士燕,陸世儀,Directed,為Y之學生,1
陳際新,明安圖,Directed,為Y之學生,1
張福僖,陳杰,Directed,為Y之學生,1
華世芳,黃體芳,Directed,為Y之學生,1
黎應南,李銳,Directed,為Y之學生,1
黎應南,項名達,Directed,為Y之學生,1
惲鶴生,錢陸燦,Directed,為Y之學生,1
張致,謝四,Directed,為Y之學生,1
陳自舜,黃宗羲,Directed,為Y之學生,1
李興祖,王餘佑,Directed,為Y之學生,1
柳詒徵,繆荃孫,Directed,為Y之學生,1
柳詒徵,李瑞清,Directed,為Y之學生,1
柳詒徵,王先謙,Directed,為Y之學生,1
柳詒徵,黃以周,Directed,為Y之學生,1
陳僖,高鐈,Directed,為Y之學生,1
張大維,余斌,Directed,為Y之學生,1
王素行,陸隴其,Directed,為Y之學生,1
孫夢逵,陶正靖,Directed,為Y之學生,1
劉調贊,李塨,Directed,為Y之學生,1
古直,羅翽雲,Directed,為Y之學生,1
尹際泰,叢貞一,Directed,為Y之學生,1
尹際泰,叢五瑞,Directed,為Y之學生,1
沈光發,陸炳奎,Directed,為Y之學生,1
沈光發,張銘,Directed,為Y之學生,1
耿極,孫奇逢,Directed,為Y之學生,1
趙御衆,孫奇逢,Directed,為Y之學生,1
陳杰,項名達,Directed,為Y之學生,1
高鐈,孫奇逢,Directed,為Y之學生,1
何文煌,查士標,Directed,為Y之學生,1
劉兆蘭,張裕釗,Directed,為Y之學生,1
劭晉涵,畢沅,Directed,為Y之學生,1
危龍光,謝文洊,Directed,為Y之學生,1
史贊明,張沐,Directed,為Y之學生,1
向達,柳詒徵,Directed,為Y之學生,1
吳日夔,張履祥,Directed,為Y之學生,1
吳晞淵,張履祥,Directed,為Y之學生,1
周丕顯,張沐,Directed,為Y之學生,1
周宗彝,吳太冲,Directed,為Y之學生,1
唐端笏,王夫之,Directed,為Y之學生,1
嚴杰,段玉裁,Directed,為Y之學生,1
姚夏,張履祥,Directed,為Y之學生,1
姚璉,張履祥,Directed,為Y之學生,1
安東守約,朱之瑜,Directed,為Y之學生,1
宋雨宜,鄧元昌,Directed,為Y之學生,1
岑德固,趙潤生,Directed,為Y之學生,1
師懋學,張沐,Directed,為Y之學生,1
弓汝恒,吳汝綸,Directed,為Y之學生,1
張其昀,柳詒徵,Directed,為Y之學生,1
張其錦,凌廷堪,Directed,為Y之學生,1
張右栻,張沐,Directed,為Y之學生,1
張嘉瑾,張履祥,Directed,為Y之學生,1
張園真,張履祥,Directed,為Y之學生,1
張夢津,溫肅,Directed,為Y之學生,1
張夢潮,溫肅,Directed,為Y之學生,1
張成渠,黃式三,Directed,為Y之學生,1
張焩,張沐,Directed,為Y之學生,1
彭莪,羅典,Directed,為Y之學生,1
徐亭梅,胡家玉,Directed,為Y之學生,1
徐流方,方苞,Directed,為Y之學生,1
德川光圀,朱之瑜,Directed,為Y之學生,1
成懷嶠,黃式三,Directed,為Y之學生,1
戴揚輝,凌廷堪,Directed,為Y之學生,1
方杓,方苞,Directed,為Y之學生,1
曹培源,王原祁,Directed,為Y之學生,1
朱敬輿,余蕭客,Directed,為Y之學生,1
李殿禎,張沐,Directed,為Y之學生,1
李為憲,王原祁,Directed,為Y之學生,1
李鼎徵,梅文鼎,Directed,為Y之學生,1
林圭,唐才常,Directed,為Y之學生,1
林昌彜,何紹基,Directed,為Y之學生,1
查燕緖,張裕釗,Directed,為Y之學生,1
柳逢良,何紹基,Directed,為Y之學生,1
楊仁澍,李塨,Directed,為Y之學生,1
楊得秀,張沐,Directed,為Y之學生,1
楊湛,杜越,Directed,為Y之學生,1
楢原陳政,俞樾,Directed,為Y之學生,1
汪亨龍,傅冠,Directed,為Y之學生,1
汪浦,厲鶚,Directed,為Y之學生,1
沈丙墀,何秋濤,Directed,為Y之學生,1
洪儲,徐枋,Directed,為Y之學生,1
渠敬熙,溫肅,Directed,為Y之學生,1
漆士昌,孫奇逢,Directed,為Y之學生,1
王居敬,張煌言,Directed,為Y之學生,1
王志旦,張沐,Directed,為Y之學生,1
王方岐,吳綺,Directed,為Y之學生,1
珍妃,文廷式,Directed,為Y之學生,1
瑾妃,文廷式,Directed,為Y之學生,1
程普芳,畢沅,Directed,為Y之學生,1
程洪溥,凌廷堪,Directed,為Y之學生,1
章大來,毛奇齡,Directed,為Y之學生,1
章天耒,劉熙載,Directed,為Y之學生,1
章有謨,王夫之,Directed,為Y之學生,1
繆鳳林,柳詒徵,Directed,為Y之學生,1
羅炎藻,趙潤生,Directed,為Y之學生,1
胡兆鳳,曹本榮,Directed,為Y之學生,1
范希增,柳詒徵,Directed,為Y之學生,1
華鯤,王原祁,Directed,為Y之學生,1
萬嘉熙,溫肅,Directed,為Y之學生,1
葉夢草,張維屏,Directed,為Y之學生,1
費士璣,王鳴盛,Directed,為Y之學生,1
費崇朱,劉熙載,Directed,為Y之學生,1
載澤,王文錦,Directed,為Y之學生,1
邢志南,張履祥,Directed,為Y之學生,1
郝文燦,顏元,Directed,為Y之學生,1
郭斌龢,柳詒徵,Directed,為Y之學生,1
鄒林,胡家玉,Directed,為Y之學生,1
鄧九齡,張沐,Directed,為Y之學生,1
鄭鶴聲,柳詒徵,Directed,為Y之學生,1
鄺露,阮大鋮,Directed,為Y之學生,1
金明吉,王原祁,Directed,為Y之學生,1
鍾錂,顏元,Directed,為Y之學生,1
閻良弼,張沐,Directed,為Y之學生,1
陳殿彥,景日昣,Directed,為Y之學生,1
陳維祺,劉熙載,Directed,為Y之學生,1
陸邦烈,毛奇齡,Directed,為Y之學生,1
項惟貞,朱彜尊,Directed,為Y之學生,1
顏鼎受,張履祥,Directed,為Y之學生,1
顏鼎孚,張履祥,Directed,為Y之學生,1
顏鼎爵,張履祥,Directed,為Y之學生,1
馬德迪,張沐,Directed,為Y之學生,1
馬德進,張沐,Directed,為Y之學生,1
馬德達,張沐,Directed,為Y之學生,1
魏一鼇,孫奇逢,Directed,為Y之學生,1
魯絜非,鄧元昌,Directed,為Y之學生,1
黃之錫,張沐,Directed,為Y之學生,1
黃勤,張沐,Directed,為Y之學生,1
黃奭,江藩,Directed,為Y之學生,1
龍沐勛,朱祖謀,Directed,為Y之學生,1
劉承業,張沐,Directed,為Y之學生,1
劉調贊,李塨,Directed,為Y之學生,1
尹際泰,叢貞一,Directed,為Y之學生,1
尹際泰,叢五瑞,Directed,為Y之學生,1
尹際福,叢貞一,Directed,為Y之學生,1
尹際福,叢五瑞,Directed,為Y之學生,1
馬壽齡,吳和甫,Directed,為Y之學生,1
馬壽齡,馮景亭,Directed,為Y之學生,1
李應乾,施璜,Directed,為Y之學生,1
董大鵬,江永,Directed,為Y之學生,1
董大鵬,方繼赤,Directed,為Y之學生,1
董大鵬,潘繼武,Directed,為Y之學生,1
徐廷玠,劉宗周,Directed,為Y之學生,1
徐廷玠,陶奭齡,Directed,為Y之學生,1
蘇元璞,沈國模,Directed,為Y之學生,1
俞長民,沈國模,Directed,為Y之學生,1
商徵說,毛奇齡,Directed,為Y之學生,1
朱翰,范瞻雲,Directed,為Y之學生,1
汪蘇,曹孚,Directed,為Y之學生,1
曹榜,曹孚,Directed,為Y之學生,1
程廷丰,曹孚,Directed,為Y之學生,1
王大啟,江永,Directed,為Y之學生,1
沈芳,何焯,Directed,為Y之學生,1
陳煥,郁文,Directed,為Y之學生,1
陳鑑,汪份,Directed,為Y之學生,1
顧學周,陸瓚,Directed,為Y之學生,1
郁吳邑,沈德潛,Directed,為Y之學生,1
方軫,程瑤田,Directed,為Y之學生,1
黃衡,張琦,Directed,為Y之學生,1
洪黻,程瑤田,Directed,為Y之學生,1
吳道會,溫璜,Directed,為Y之學生,1
欽楫,劉原起,Directed,為Y之學生,1
葛長庚,金農,Directed,學生為Y,1
陳子龍,毛先舒,Directed,學生為Y,1
陳子龍,顧有孝,Directed,學生為Y,1
阮元,張熙,Directed,學生為Y,1
阮元,陳壽祺,Directed,學生為Y,1
阮元,梁章鉅,Directed,學生為Y,1
阮元,吳榮光,Directed,學生為Y,1
阮元,羅士琳,Directed,學生為Y,1
阮元,卞斌,Directed,學生為Y,1
阮元,王衍梅,Directed,學生為Y,1
阮元,汪家禧,Directed,學生為Y,1
阮元,胡秉虔,Directed,學生為Y,1
阮元,柳興恩,Directed,學生為Y,1
阮元,桂馥,Directed,學生為Y,1
阮元,錢林,Directed,學生為Y,1
阮元,方觀旭,Directed,學生為Y,1
林禹門,紀汝倫,Directed,學生為Y,1
劉臺拱,臧庸,Directed,學生為Y,1
劉臺拱,劉寶楠,Directed,學生為Y,1
錢陳群,李調元,Directed,學生為Y,1
錢儀吉,張履,Directed,學生為Y,1
錢儀吉,蕭穆,Directed,學生為Y,1
錢泰吉,蕭穆,Directed,學生為Y,1
錢大昕,鈕樹玉,Directed,學生為Y,1
錢大昕,臧禮堂,Directed,學生為Y,1
錢大昕,曹錫齡,Directed,學生為Y,1
錢大昕,李賡芸,Directed,學生為Y,1
錢大昕,董國華,Directed,學生為Y,1
王鳴盛,金曰追,Directed,學生為Y,1
王鳴盛,費士璣,Directed,學生為Y,1
朱筠,史積容,Directed,學生為Y,1
朱筠,洪亮吉,Directed,學生為Y,1
朱筠,汪輝祖,Directed,學生為Y,1
朱筠,武億,Directed,學生為Y,1
朱筠,程晉芳,Directed,學生為Y,1
朱筠,黃景仁,Directed,學生為Y,1
朱筠,趙紹祖,Directed,學生為Y,1
朱珪,陳壽祺,Directed,學生為Y,1
朱珪,黃鉞,Directed,學生為Y,1
朱珪,愛新覺羅顒琰,Directed,學生為Y,1
朱珪,曹錫齡,Directed,學生為Y,1
朱珪,胡秉虔,Directed,學生為Y,1
朱珪,郭文鋕,Directed,學生為Y,1
李中簡,愛新覺羅綿德,Directed,學生為Y,1
紀昀,郭文鋕,Directed,學生為Y,1
瞿式耜,張同敞,Directed,學生為Y,1
全祖望,趙一清,Directed,學生為Y,1
全祖望,盧鎬,Directed,學生為Y,1
全祖望,張炳,Directed,學生為Y,1
全祖望,董秉純,Directed,學生為Y,1
全祖望,蔣學鏞,Directed,學生為Y,1
俞樾,譚獻,Directed,學生為Y,1
俞樾,袁昶,Directed,學生為Y,1
俞樾,吳慶坻,Directed,學生為Y,1
俞樾,鍾依三多,Directed,學生為Y,1
俞樾,朱一新,Directed,學生為Y,1
俞樾,吳大澂,Directed,學生為Y,1
俞樾,王仁俊,Directed,學生為Y,1
俞樾,劉恭冕,Directed,學生為Y,1
俞樾,施補華,Directed,學生為Y,1
俞樾,黃以周,Directed,學生為Y,1
俞樾,戴望,Directed,學生為Y,1
俞樾,楢原陳政,Directed,學生為Y,1
馮桂芬,秦綬章,Directed,學生為Y,1
馮桂芬,管禮耕,Directed,學生為Y,1
馮桂芬,袁寶璜,Directed,學生為Y,1
錢謙益,鄭成功,Directed,學生為Y,1
錢謙益,瞿式耜,Directed,學生為Y,1
錢謙益,黃宗羲,Directed,學生為Y,1
錢謙益,錢曾,Directed,學生為Y,1
錢謙益,毛晉,Directed,學生為Y,1
錢謙益,吳歷,Directed,學生為Y,1
錢謙益,歸莊,Directed,學生為Y,1
錢謙益,王猷定,Directed,學生為Y,1
侯康,陳澧,Directed,學生為Y,1
徐乾學,韓菼,Directed,學生為Y,1
徐乾學,納蘭性德,Directed,學生為Y,1
張伯行,沈起元,Directed,學生為Y,1
張伯行,沈彤,Directed,學生為Y,1
黃宗羲,萬斯年,Directed,學生為Y,1
黃宗羲,萬斯程,Directed,學生為Y,1
黃宗羲,萬斯禎,Directed,學生為Y,1
黃宗羲,萬言,Directed,學生為Y,1
黃宗羲,萬斯昌,Directed,學生為Y,1
黃宗羲,萬斯選,Directed,學生為Y,1
黃宗羲,萬斯大,Directed,學生為Y,1
黃宗羲,萬經,Directed,學生為Y,1
黃宗羲,萬斯備,Directed,學生為Y,1
黃宗羲,萬斯同,Directed,學生為Y,1
黃宗羲,查慎行,Directed,學生為Y,1
黃宗羲,仇兆鰲,Directed,學生為Y,1
黃宗羲,陳自舜,Directed,學生為Y,1
惠士奇,勞孝輿,Directed,學生為Y,1
惠士奇,蘇珥,Directed,學生為Y,1
惠士奇,何夢瑤,Directed,學生為Y,1
惠士奇,羅天尺,Directed,學生為Y,1
惠棟,王鳴盛,Directed,學生為Y,1
惠棟,畢沅,Directed,學生為Y,1
惠棟,江聲,Directed,學生為Y,1
惠棟,余蕭客,Directed,學生為Y,1
倪元璐,侯方域,Directed,學生為Y,1
高攀龍,華允誠,Directed,學生為Y,1
高攀龍,吳鍾巒,Directed,學生為Y,1
高攀龍,顧樞,Directed,學生為Y,1
祁寯藻,王筠,Directed,學生為Y,1
祁寯藻,牛樹梅,Directed,學生為Y,1
祁世長,吳慶坻,Directed,學生為Y,1
程恩澤,鄭珍,Directed,學生為Y,1
姜宸英,唐紹祖,Directed,學生為Y,1
江藩,阮福,Directed,學生為Y,1
江藩,錢大昕,Directed,學生為Y,1
江藩,黃奭,Directed,學生為Y,1
江永,戴震,Directed,學生為Y,1
江永,金榜,Directed,學生為Y,1
江永,程瑤田,Directed,學生為Y,1
江永,董大鵬,Directed,學生為Y,1
江永,王大啟,Directed,學生為Y,1
厲鶚,汪沆,Directed,學生為Y,1
厲鶚,汪浦,Directed,學生為Y,1
李塨,郭金城,Directed,學生為Y,1
李塨,方道希,Directed,學生為Y,1
李塨,葉新,Directed,學生為Y,1
李塨,劉調贊,Directed,學生為Y,1
李塨,楊仁澍,Directed,學生為Y,1
李塨,劉調贊,Directed,學生為Y,1
顏元,李塨,Directed,學生為Y,1
顏元,王源,Directed,學生為Y,1
顏元,郭金城,Directed,學生為Y,1
顏元,郝文燦,Directed,學生為Y,1
顏元,鍾錂,Directed,學生為Y,1
王昶,江藩,Directed,學生為Y,1
王昶,楊芳燦,Directed,學生為Y,1
王昶,王紹蘭,Directed,學生為Y,1
王昶,戴敦元,Directed,學生為Y,1
王昶,汪中,Directed,學生為Y,1
王昶,黃景仁,Directed,學生為Y,1
王昶,陸伯焜,Directed,學生為Y,1
王昶,英和,Directed,學生為Y,1
凌廷堪,阮常生,Directed,學生為Y,1
凌廷堪,程恩澤,Directed,學生為Y,1
凌廷堪,呂飛鵬,Directed,學生為Y,1
凌廷堪,胡培翬,Directed,學生為Y,1
凌廷堪,張其錦,Directed,學生為Y,1
凌廷堪,戴揚輝,Directed,學生為Y,1
凌廷堪,程洪溥,Directed,學生為Y,1
陸隴其,王原,Directed,學生為Y,1
陸隴其,侯開國,Directed,學生為Y,1
陸隴其,陸奎勛,Directed,學生為Y,1
陸隴其,陸奎勳,Directed,學生為Y,1
陸隴其,王素行,Directed,學生為Y,1
翁方綱,梁章鉅,Directed,學生為Y,1
翁方綱,吳嵩梁,Directed,學生為Y,1
翁方綱,謝啟昆,Directed,學生為Y,1
翁方綱,曹振鏞,Directed,學生為Y,1
翁方綱,李彥章,Directed,學生為Y,1
翁方綱,王聘珍,Directed,學生為Y,1
翁方綱,樂鈞,Directed,學生為Y,1
盧文弨,臧庸,Directed,學生為Y,1
盧文弨,臧禮堂,Directed,學生為Y,1
盧文弨,丁履恆,Directed,學生為Y,1
毛奇齡,李塨,Directed,學生為Y,1
毛奇齡,邵廷采,Directed,學生為Y,1
毛奇齡,徐昭華,Directed,學生為Y,1
毛奇齡,宣永貴,Directed,學生為Y,1
毛奇齡,陳撰,Directed,學生為Y,1
毛奇齡,方楘如,Directed,學生為Y,1
毛奇齡,蔣樞,Directed,學生為Y,1
毛奇齡,章大來,Directed,學生為Y,1
毛奇齡,陸邦烈,Directed,學生為Y,1
毛奇齡,商徵說,Directed,學生為Y,1
梅文鼎,黃百家,Directed,學生為Y,1
梅文鼎,李鍾倫,Directed,學生為Y,1
梅文鼎,陳厚耀,Directed,學生為Y,1
梅文鼎,劉湘煃,Directed,學生為Y,1
梅文鼎,李鼎徵,Directed,學生為Y,1
包世臣,吳熙載,Directed,學生為Y,1
包世臣,梅植之,Directed,學生為Y,1
包世臣,楊亮,Directed,學生為Y,1
彭元瑞,劉鳳誥,Directed,學生為Y,1
畢沅,洪亮吉,Directed,學生為Y,1
畢沅,孫星衍,Directed,學生為Y,1
畢沅,嚴長明,Directed,學生為Y,1
畢沅,吳泰來,Directed,學生為Y,1
畢沅,劭晉涵,Directed,學生為Y,1
畢沅,程普芳,Directed,學生為Y,1
方苞,李習仁,Directed,學生為Y,1
方苞,尹會一,Directed,學生為Y,1
方苞,嚴長明,Directed,學生為Y,1
方苞,葉酉,Directed,學生為Y,1
方苞,雷鋐,Directed,學生為Y,1
方苞,陳大受,Directed,學生為Y,1
方苞,沈廷芳,Directed,學生為Y,1
方苞,官獻瑤,Directed,學生為Y,1
方苞,沈彤,Directed,學生為Y,1
方苞,陳浩,Directed,學生為Y,1
方苞,王又樸,Directed,學生為Y,1
方苞,王兆符,Directed,學生為Y,1
方苞,張甄陶,Directed,學生為Y,1
方苞,單作哲,Directed,學生為Y,1
方苞,程崟,Directed,學生為Y,1
方苞,張尹,Directed,學生為Y,1
方苞,黃世成,Directed,學生為Y,1
方苞,徐流方,Directed,學生為Y,1
方苞,方杓,Directed,學生為Y,1
韓菼,納喇常安,Directed,學生為Y,1
韓菼,裴?度,Directed,學生為Y,1
韓菼,何焯,Directed,學生為Y,1
韓菼,高怡,Directed,學生為Y,1
韓菼,張大受,Directed,學生為Y,1
萬經,陳世倌,Directed,學生為Y,1
萬斯同,錢名世,Directed,學生為Y,1
王源,蔣衡,Directed,學生為Y,1
王念孫,陳奐,Directed,學生為Y,1
孫星衍,錢大昕,Directed,學生為Y,1
孫星衍,周中孚,Directed,學生為Y,1
孫星衍,李貽德,Directed,學生為Y,1
孫星衍,洪頤煊,Directed,學生為Y,1
孫星衍,洪震煊,Directed,學生為Y,1
孫慎行,吳鍾巒,Directed,學生為Y,1
張惠言,江承之,Directed,學生為Y,1
張惠言,周凱,Directed,學生為Y,1
陳壽祺,張岳崧,Directed,學生為Y,1
陳壽祺,孫經世,Directed,學生為Y,1
唐仲冕,翁心存,Directed,學生為Y,1
吳兆騫,納喇揆敍,Directed,學生為Y,1
顧炎武,潘耒,Directed,學生為Y,1
顧炎武,陳芳績,Directed,學生為Y,1
顧炎武,張弨,Directed,學生為Y,1
閻若璩,萬經,Directed,學生為Y,1
曾國藩,吳汝綸,Directed,學生為Y,1
曾國藩,薛福成,Directed,學生為Y,1
曾國藩,李雲麟,Directed,學生為Y,1
曾國藩,李鴻章,Directed,學生為Y,1
曾國藩,吳坤修,Directed,學生為Y,1
曾國藩,張裕釗,Directed,學生為Y,1
顧憲成,吳鍾巒,Directed,學生為Y,1
顧允成,錢謙益,Directed,學生為Y,1
馮從吾,吳鍾巒,Directed,學生為Y,1
劉宗周,黃宗羲,Directed,學生為Y,1
劉宗周,黃宗炎,Directed,學生為Y,1
劉宗周,萬泰,Directed,學生為Y,1
劉宗周,陳洪綬,Directed,學生為Y,1
劉宗周,張履祥,Directed,學生為Y,1
劉宗周,沈昀,Directed,學生為Y,1
劉宗周,惲日初,Directed,學生為Y,1
劉宗周,祝淵,Directed,學生為Y,1
劉宗周,戴易,Directed,學生為Y,1
劉宗周,徐廷玠,Directed,學生為Y,1
桑調元,錢載,Directed,學生為Y,1
桑調元,盧文弨,Directed,學生為Y,1
桑調元,沈世煒,Directed,學生為Y,1
孫奇逢,薛鳳祚,Directed,學生為Y,1
孫奇逢,湯斌,Directed,學生為Y,1
孫奇逢,劉體仁,Directed,學生為Y,1
孫奇逢,費密,Directed,學生為Y,1
孫奇逢,申涵光,Directed,學生為Y,1
孫奇逢,王餘佑,Directed,學生為Y,1
孫奇逢,許三禮,Directed,學生為Y,1
孫奇逢,張沐,Directed,學生為Y,1
孫奇逢,耿介,Directed,學生為Y,1
孫奇逢,崔蔚林,Directed,學生為Y,1
孫奇逢,耿極,Directed,學生為Y,1
孫奇逢,趙御衆,Directed,學生為Y,1
孫奇逢,高鐈,Directed,學生為Y,1
孫奇逢,漆士昌,Directed,學生為Y,1
孫奇逢,魏一鼇,Directed,學生為Y,1
湯斌,彭定求,Directed,學生為Y,1
湯斌,愛新覺羅允礽,Directed,學生為Y,1
湯斌,王原,Directed,學生為Y,1
湯斌,王繻,Directed,學生為Y,1
湯斌,計東,Directed,學生為Y,1
陶正靖,孫夢逵,Directed,學生為Y,1
沈壽民,施閏章,Directed,學生為Y,1
董其昌,王時敏,Directed,學生為Y,1
董其昌,冒襄,Directed,學生為Y,1
董其昌,吳三桂,Directed,學生為Y,1
董其昌,張漣,Directed,學生為Y,1
董其昌,楊文驄,Directed,學生為Y,1
董其昌,朱彜尊,Directed,學生為Y,1
張之洞,樊增祥,Directed,學生為Y,1
張之洞,蒯光典,Directed,學生為Y,1
王士禎,吳雯,Directed,學生為Y,1
王士禎,洪昇,Directed,學生為Y,1
王士禎,林佶,Directed,學生為Y,1
王士禎,朱綱,Directed,學生為Y,1
王士禎,史申義,Directed,學生為Y,1
王士禎,湯右曾,Directed,學生為Y,1
王士禎,宗元鼎,Directed,學生為Y,1
魏禧,王源,Directed,學生為Y,1
魏禧,梁份,Directed,學生為Y,1
姚鼐,李兆洛,Directed,學生為Y,1
姚鼐,郭麐,Directed,學生為Y,1
姚鼐,鄧廷楨,Directed,學生為Y,1
姚鼐,陳用光,Directed,學生為Y,1
姚鼐,鮑桂星,Directed,學生為Y,1
姚鼐,方東樹,Directed,學生為Y,1
姚鼐,劉開,Directed,學生為Y,1
姚鼐,姚椿,Directed,學生為Y,1
姚鼐,梅曾亮,Directed,學生為Y,1
姚鼐,管同,Directed,學生為Y,1
姚鼐,貴徵,Directed,學生為Y,1
姚瑩,陳克家,Directed,學生為Y,1
姚瑩,徐子苓,Directed,學生為Y,1
李兆洛,馮桂芬,Directed,學生為Y,1
李兆洛,承培元,Directed,學生為Y,1
李兆洛,宋景昌,Directed,學生為Y,1
李兆洛,繆尚誥,Directed,學生為Y,1
李兆洛,楊沂孫,Directed,學生為Y,1
吳德旋,鄒澍,Directed,學生為Y,1
吳偉業,陳維崧,Directed,學生為Y,1
施閏章,洪昇,Directed,學生為Y,1
施閏章,袁繼梓,Directed,學生為Y,1
施閏章,施璜,Directed,學生為Y,1
施閏章,張篤慶,Directed,學生為Y,1
趙執信,李國柱,Directed,學生為Y,1
汪琬,林佶,Directed,學生為Y,1
汪琬,計東,Directed,學生為Y,1
汪琬,惠周惕,Directed,學生為Y,1
尹會一,段玉裁,Directed,學生為Y,1
俞正燮,湯球,Directed,學生為Y,1
繆荃孫,柳詒徵,Directed,學生為Y,1
陸昶,林萬棟,Directed,學生為Y,1
翁同龢,愛新覺羅載湉,Directed,學生為Y,1
翁同龢,康有為,Directed,學生為Y,1
翁同龢,梁士詒,Directed,學生為Y,1
袁枚,金逸,Directed,學生為Y,1
袁枚,席佩蘭,Directed,學生為Y,1
袁枚,裘曰修,Directed,學生為Y,1
袁枚,張玉珍,Directed,學生為Y,1
汪廷珍,呂飛鵬,Directed,學生為Y,1
彭蘊章,林天齡,Directed,學生為Y,1
彭蘊章,俞奎垣,Directed,學生為Y,1
李慈銘,樊增祥,Directed,學生為Y,1
李慈銘,周學熙,Directed,學生為Y,1
李慈銘,陶方琦,Directed,學生為Y,1
張金鏞,愛新覺羅奕誌,Directed,學生為Y,1
沈德潛,錢大昕,Directed,學生為Y,1
沈德潛,王鳴盛,Directed,學生為Y,1
沈德潛,王昶,Directed,學生為Y,1
沈德潛,畢沅,Directed,學生為Y,1
沈德潛,褚廷璋,Directed,學生為Y,1
沈德潛,沈廷芳,Directed,學生為Y,1
沈德潛,郁吳邑,Directed,學生為Y,1
葉觀國,何逄僖,Directed,學生為Y,1
謝章鋌,林紓,Directed,學生為Y,1
張之萬,梁士詒,Directed,學生為Y,1
吳汝綸,馬其昶,Directed,學生為Y,1
吳汝綸,劉孚京,Directed,學生為Y,1
吳汝綸,范當世,Directed,學生為Y,1
吳汝綸,賀濤,Directed,學生為Y,1
吳汝綸,弓汝恒,Directed,學生為Y,1
潘世恩,桑春榮,Directed,學生為Y,1
潘世恩,劉廷榆,Directed,學生為Y,1
廖廷相,何藻翔,Directed,學生為Y,1
端木埰,況周頤,Directed,學生為Y,1
端木埰,王鵬運,Directed,學生為Y,1
吳錫麒,徐松,Directed,學生為Y,1
吳烜,鹿丕宗,Directed,學生為Y,1
吳烜,徐嘉瑞,Directed,學生為Y,1
姚元之,張亮基,Directed,學生為Y,1
姚元之,呂佺孫,Directed,學生為Y,1
姚元之,陳啟邁,Directed,學生為Y,1
姚元之,史致諤,Directed,學生為Y,1
姚元之,吳昆田,Directed,學生為Y,1
陶澍,錢以同,Directed,學生為Y,1
陳鑾,錢以同,Directed,學生為Y,1
郭麐,潘眉,Directed,學生為Y,1
汪端,王子蘭,Directed,學生為Y,1
林則徐,馮桂芬,Directed,學生為Y,1
戈宙襄,錢大昕,Directed,學生為Y,1
查慎行,納喇揆敍,Directed,學生為Y,1
陳澧,廖廷相,Directed,學生為Y,1
錢維城,朱筠,Directed,學生為Y,1
翁心存,蔡念慈,Directed,學生為Y,1
方泰,黃幼藻,Directed,學生為Y,1
惲格,馬元馭,Directed,學生為Y,1
張琦,黃衡,Directed,學生為Y,1
吳贊,胡林翼,Directed,學生為Y,1
王時敏,吳歷,Directed,學生為Y,1
王時敏,王翬,Directed,學生為Y,1
吳綺,王方岐,Directed,學生為Y,1
殷兆鏞,愛新覺羅奕謨,Directed,學生為Y,1
王仁堪,梁士詒,Directed,學生為Y,1
陳廷敬,林佶,Directed,學生為Y,1
裘曰修,余集,Directed,學生為Y,1
尤侗,徐元文,Directed,學生為Y,1
楊賓,蔣衡,Directed,學生為Y,1
張英,愛新覺羅允礽,Directed,學生為Y,1
徐映玉,張允滋,Directed,學生為Y,1
姚文田,錢以同,Directed,學生為Y,1
徐熊飛,方坰,Directed,學生為Y,1
徐熊飛,卜葆鈖,Directed,學生為Y,1
許孟淵,嚴迢,Directed,學生為Y,1
張廷玉,劉綸,Directed,學生為Y,1
孫嘉淦,金溶,Directed,學生為Y,1
曹振鏞,李鈞,Directed,學生為Y,1
謝墉,愛新覺羅顒琰,Directed,學生為Y,1
謝墉,李惇,Directed,學生為Y,1
彭啟豐,石韞玉,Directed,學生為Y,1
王熙,張玉書,Directed,學生為Y,1
王熙,沈荃,Directed,學生為Y,1
程國仁,彭泰來,Directed,學生為Y,1
黃鉞,李鈞,Directed,學生為Y,1
閻泰和,胡開益,Directed,學生為Y,1
金甡,朱珪,Directed,學生為Y,1
王引之,王萱齡,Directed,學生為Y,1
王引之,陳奐,Directed,學生為Y,1
戴均元,吳蒂元,Directed,學生為Y,1
楊名時,沈彤,Directed,學生為Y,1
王植,倪文蔚,Directed,學生為Y,1
王鼎,劉廷榆,Directed,學生為Y,1
趙大鯨,紀昀,Directed,學生為Y,1
蔣溥,錢載,Directed,學生為Y,1
蔣溥,裘曰修,Directed,學生為Y,1
西林覺羅鄂爾泰,胡中藻,Directed,學生為Y,1
董誥,李鈞,Directed,學生為Y,1
雷鋐,沈業富,Directed,學生為Y,1
熊賜履,愛新覺羅允礽,Directed,學生為Y,1
富察福敏,愛新覺羅弘曆,Directed,學生為Y,1
衛周祚,徐元文,Directed,學生為Y,1
烏齊格里倭仁,愛新覺羅奕誴,Directed,學生為Y,1
竇光鼐,王以銜,Directed,學生為Y,1
伊爾根覺羅顧八代,愛新覺羅胤禛,Directed,學生為Y,1
夏之蓉,茹敦和,Directed,學生為Y,1
成克鞏,張玉書,Directed,學生為Y,1
程祖洛,蔣啟敭,Directed,學生為Y,1
程祖洛,錢以同,Directed,學生為Y,1
朱士彥,桑春榮,Directed,學生為Y,1
朱鳳標,鮑源深,Directed,學生為Y,1
董邦達,紀昀,Directed,學生為Y,1
董邦達,錢維城,Directed,學生為Y,1
董邦達,陸燿,Directed,學生為Y,1
董邦達,竇光鼐,Directed,學生為Y,1
何桂清,董恂,Directed,學生為Y,1
翁叔元,何焯,Directed,學生為Y,1
陳宏謀,王傑,Directed,學生為Y,1
王太岳,王昶,Directed,學生為Y,1
王文錦,載澤,Directed,學生為Y,1
蔣文慶,倪文蔚,Directed,學生為Y,1
薛允升,梁士詒,Directed,學生為Y,1
錢寶琛,蔡念慈,Directed,學生為Y,1
湯金釗,劉廷榆,Directed,學生為Y,1
湯金釗,姚錫華,Directed,學生為Y,1
劉綸,紀昀,Directed,學生為Y,1
劉綸,董誥,Directed,學生為Y,1
趙炳言,錢以同,Directed,學生為Y,1
萬青藜,陸心源,Directed,學生為Y,1
楊以增,劉廷榆,Directed,學生為Y,1
楊頤,梁士詒,Directed,學生為Y,1
張廷璐,劉綸,Directed,學生為Y,1
傅繩勛,劉廷榆,Directed,學生為Y,1
卿祖培,李鈞,Directed,學生為Y,1
單懋謙,錢以同,Directed,學生為Y,1
曾璧光,愛新覺羅奕譞,Directed,學生為Y,1
馮培元,愛新覺羅奕誴,Directed,學生為Y,1
白鎔,錢以同,Directed,學生為Y,1
白鎔,楊榮緖,Directed,學生為Y,1
黃彭年,王仁俊,Directed,學生為Y,1
黃贊湯,鮑源深,Directed,學生為Y,1
梁萼涵,蔡念慈,Directed,學生為Y,1
莫晉,胡開益,Directed,學生為Y,1
段玉裁,徐頲,Directed,學生為Y,1
段玉裁,沈濤,Directed,學生為Y,1
段玉裁,陳奐,Directed,學生為Y,1
段玉裁,嚴杰,Directed,學生為Y,1
毛樹棠,劉廷榆,Directed,學生為Y,1
郭金城,李塨,Directed,學生為Y,1
陳世倌,朱筠,Directed,學生為Y,1
史評,蔡念慈,Directed,學生為Y,1
李文田,何藻翔,Directed,學生為Y,1
李文田,蘇寶盉,Directed,學生為Y,1
李宗傳,宗稷辰,Directed,學生為Y,1
李宗瀚,蔡念慈,Directed,學生為Y,1
李振祜,蔡念慈,Directed,學生為Y,1
李端棻,梁士詒,Directed,學生為Y,1
李端棻,梁啟超,Directed,學生為Y,1
李鴻章,秦綬章,Directed,學生為Y,1
李鴻藻,愛新覺羅載淳,Directed,學生為Y,1
李鴻藻,梁士詒,Directed,學生為Y,1
李紱,沈起元,Directed,學生為Y,1
沈起元,周永年,Directed,學生為Y,1
李菡,孫家鼐,Directed,學生為Y,1
李菡,孫家榖,Directed,學生為Y,1
李菡,倪文蔚,Directed,學生為Y,1
汪守和,錢以同,Directed,學生為Y,1
李光地,楊名時,Directed,學生為Y,1
李光地,愛新覺羅允礽,Directed,學生為Y,1
李光地,何焯,Directed,學生為Y,1
李光地,莊亨陽,Directed,學生為Y,1
李光地,徐用錫,Directed,學生為Y,1
李光地,唐紹祖,Directed,學生為Y,1
沈廷芳,成城,Directed,學生為Y,1
孔昭虔,李鈞,Directed,學生為Y,1
卓秉恬,劉廷榆,Directed,學生為Y,1
卓秉恬,錢以同,Directed,學生為Y,1
卓秉恬,蔡念慈,Directed,學生為Y,1
周系英,錢以同,Directed,學生為Y,1
李潢,駱騰鳳,Directed,學生為Y,1
王丙,劉廷榆,Directed,學生為Y,1
張琴,蔡念慈,Directed,學生為Y,1
文格,于庫里恩銘,Directed,學生為Y,1
鄭世任,蔣啟敭,Directed,學生為Y,1
汪鳴鑾,梁士詒,Directed,學生為Y,1
孫毓汶,吳慶坻,Directed,學生為Y,1
何紹基,吳雲,Directed,學生為Y,1
何紹基,林昌彜,Directed,學生為Y,1
何紹基,柳逢良,Directed,學生為Y,1
吳可讀,濮文暹,Directed,學生為Y,1
吳可讀,安維峻,Directed,學生為Y,1
吳存義,譚廷獻,Directed,學生為Y,1
吳式芬,陸心源,Directed,學生為Y,1
季芝昌,倪文蔚,Directed,學生為Y,1
季芝昌,劉廷榆,Directed,學生為Y,1
杜受田,愛新覺羅奕詝,Directed,學生為Y,1
孟超然,陳壽祺,Directed,學生為Y,1
沈學厚,蔣啟敭,Directed,學生為Y,1
徐元文,韓菼,Directed,學生為Y,1
徐士芬,鮑源深,Directed,學生為Y,1
徐士芬,卜葆鈖,Directed,學生為Y,1
陳邦彥,屈大均,Directed,學生為Y,1
胡家玉,徐亭梅,Directed,學生為Y,1
胡家玉,鄒林,Directed,學生為Y,1
郭嵩燾,羅正鈞,Directed,學生為Y,1
王青蓮,錢以同,Directed,學生為Y,1
王惟諴,錢以同,Directed,學生為Y,1
王贈芳,蔣啟敭,Directed,學生為Y,1
李瑞清,柳詒徵,Directed,學生為Y,1
傅冠,汪亨龍,Directed,學生為Y,1
文廷式,珍妃,Directed,學生為Y,1
文廷式,瑾妃,Directed,學生為Y,1
孫家鼐,愛新覺羅奕謨,Directed,學生為Y,1
蔡懋德,陶琰,Directed,學生為Y,1
胡煦,李學裕,Directed,學生為Y,1
福申,胡家玉,Directed,學生為Y,1
徐枋,潘耒,Directed,學生為Y,1
徐枋,惠周惕,Directed,學生為Y,1
徐枋,洪儲,Directed,學生為Y,1
朱祖謀,龍沐勛,Directed,學生為Y,1
萬元吉,楊文薦,Directed,學生為Y,1
戴敦元,桑春榮,Directed,學生為Y,1
袁銑,王家璧,Directed,學生為Y,1
黃體芳,趙椿年,Directed,學生為Y,1
黃體芳,華世芳,Directed,學生為Y,1
呂朝瑞,愛新覺羅奕譓,Directed,學生為Y,1
張雲藻,倪文蔚,Directed,學生為Y,1
張錫庚,陸心源,Directed,學生為Y,1
鮑桂星,方士淦,Directed,學生為Y,1
張德彜,愛新覺羅載湉,Directed,學生為Y,1
李聯琇,汪宗沂,Directed,學生為Y,1
徐郙,梁士詒,Directed,學生為Y,1
戴璐,盧炳濤,Directed,學生為Y,1
車克慎,倪文蔚,Directed,學生為Y,1
郭祥瑞,蔣彬蔚,Directed,學生為Y,1
吳福年,康敉,Directed,學生為Y,1
吳樹梅,朱彭壽,Directed,學生為Y,1
陸世儀,曹禾,Directed,學生為Y,1
陸世儀,龔士燕,Directed,學生為Y,1
方宗誠,馬其昶,Directed,學生為Y,1
方宗誠,馬復震,Directed,學生為Y,1
方宗誠,汪宗沂,Directed,學生為Y,1
方宗誠,蕭穆,Directed,學生為Y,1
方東樹,姚鼐,Directed,學生為Y,1
方東樹,馬起升,Directed,學生為Y,1
方東樹,蘇惇元,Directed,學生為Y,1
方東樹,吳廷香,Directed,學生為Y,1
方東樹,鄭福照,Directed,學生為Y,1
方東樹,戴鈞衡,Directed,學生為Y,1
王夫之,周士儀,Directed,學生為Y,1
王夫之,唐端笏,Directed,學生為Y,1
王夫之,章有謨,Directed,學生為Y,1
劉文淇,方申,Directed,學生為Y,1
劉文淇,汪宗沂,Directed,學生為Y,1
劉文淇,陳立,Directed,學生為Y,1
李善蘭,楊兆鋆,Directed,學生為Y,1
李善蘭,熊方柏,Directed,學生為Y,1
李顒,王心敬,Directed,學生為Y,1
劉逢祿,魏源,Directed,學生為Y,1
杜越,王餘佑,Directed,學生為Y,1
杜越,楊湛,Directed,學生為Y,1
王原祁,王敬銘,Directed,學生為Y,1
王原祁,唐岱,Directed,學生為Y,1
王原祁,黃鼎,Directed,學生為Y,1
王原祁,溫儀,Directed,學生為Y,1
王原祁,曹培源,Directed,學生為Y,1
王原祁,李為憲,Directed,學生為Y,1
王原祁,華鯤,Directed,學生為Y,1
王原祁,金明吉,Directed,學生為Y,1
袁繼咸,張履旋,Directed,學生為Y,1
阮大鋮,鄺露,Directed,學生為Y,1
吳大受,吳蘭庭,Directed,學生為Y,1
王鑑,吳歷,Directed,學生為Y,1
王鑑,王翬,Directed,學生為Y,1
崔述,陳履和,Directed,學生為Y,1
邵晉涵,章宗源,Directed,學生為Y,1
王翬,楊晉,Directed,學生為Y,1
張煌言,王居敬,Directed,學生為Y,1
張裕釗,馬其昶,Directed,學生為Y,1
張裕釗,朱銘盤,Directed,學生為Y,1
張裕釗,孫葆田,Directed,學生為Y,1
張裕釗,宋書升,Directed,學生為Y,1
張裕釗,張謇,Directed,學生為Y,1
張裕釗,范當世,Directed,學生為Y,1
張裕釗,賀濤,Directed,學生為Y,1
張裕釗,劉兆蘭,Directed,學生為Y,1
張裕釗,查燕緖,Directed,學生為Y,1
鄧石如,包世臣,Directed,學生為Y,1
張維屏,陳澧,Directed,學生為Y,1
張維屏,葉夢草,Directed,學生為Y,1
張履祥,呂葆中,Directed,學生為Y,1
張履祥,姚瑚,Directed,學生為Y,1
張履祥,吳日夔,Directed,學生為Y,1
張履祥,吳晞淵,Directed,學生為Y,1
張履祥,姚夏,Directed,學生為Y,1
張履祥,姚璉,Directed,學生為Y,1
張履祥,張嘉瑾,Directed,學生為Y,1
張履祥,張園真,Directed,學生為Y,1
張履祥,邢志南,Directed,學生為Y,1
張履祥,顏鼎受,Directed,學生為Y,1
張履祥,顏鼎孚,Directed,學生為Y,1
張履祥,顏鼎爵,Directed,學生為Y,1
查繼佐,沈起,Directed,學生為Y,1
應撝謙,萬經,Directed,學生為Y,1
應撝謙,姚宏任,Directed,學生為Y,1
戴熙,楊頤,Directed,學生為Y,1
戴震,王念孫,Directed,學生為Y,1
戴震,孔廣森,Directed,學生為Y,1
戴震,段玉裁,Directed,學生為Y,1
戴震,程晉芳,Directed,學生為Y,1
戴震,任大椿,Directed,學生為Y,1
黃道周,倪會鼎,Directed,學生為Y,1
黃道周,沈光文,Directed,學生為Y,1
黃道周,錢澄之,Directed,學生為Y,1
惲敬,周凱,Directed,學生為Y,1
羅澤南,李續賓,Directed,學生為Y,1
羅澤南,王錱,Directed,學生為Y,1
朱之瑜,安積覺,Directed,學生為Y,1
朱之瑜,安東守約,Directed,學生為Y,1
朱之瑜,德川光圀,Directed,學生為Y,1
何焯,沈彤,Directed,學生為Y,1
何焯,陳景雲,Directed,學生為Y,1
何焯,金農,Directed,學生為Y,1
何焯,徐葆光,Directed,學生為Y,1
何焯,蔣杲,Directed,學生為Y,1
何焯,蔣恭棐,Directed,學生為Y,1
何焯,沈芳,Directed,學生為Y,1
朱彜尊,盛楓,Directed,學生為Y,1
朱彜尊,項惟貞,Directed,學生為Y,1
朱珔,吳鍾駿,Directed,學生為Y,1
朱珔,馬學易,Directed,學生為Y,1
江聲,顧廣圻,Directed,學生為Y,1
江聲,江藩,Directed,學生為Y,1
江聲,鈕樹玉,Directed,學生為Y,1
江聲,徐頲,Directed,學生為Y,1
余蕭客,江藩,Directed,學生為Y,1
余蕭客,朱敬輿,Directed,學生為Y,1
何秋濤,沈丙墀,Directed,學生為Y,1
周玉麒,夏同善,Directed,學生為Y,1
周玉麒,孫詒經,Directed,學生為Y,1
周玉麒,張家驤,Directed,學生為Y,1
周玉麒,楊峴,Directed,學生為Y,1
顧棟高,華玉淳,Directed,學生為Y,1
蔡世遠,雷鋐,Directed,學生為Y,1
姚堃,李鈞,Directed,學生為Y,1
毛式郇,陸以湉,Directed,學生為Y,1
佟佳法海,愛新覺羅允祥,Directed,學生為Y,1
佟佳法海,愛新覺羅允禵,Directed,學生為Y,1
范棫士,鄭宗彜,Directed,學生為Y,1
方楘如,杭世駿,Directed,學生為Y,1
王心敬,陳慶門,Directed,學生為Y,1
王先謙,柳詒徵,Directed,學生為Y,1
王國維,劉銘誌,Directed,學生為Y,1
王餘佑,李塨,Directed,學生為Y,1
王餘佑,李興祖,Directed,學生為Y,1
丁芸芳,徐宗幹,Directed,學生為Y,1
馬釗,陳奐,Directed,學生為Y,1
馬疏,康敉,Directed,學生為Y,1
方球,卜葆鈖,Directed,學生為Y,1
方粹然,程瑤田,Directed,學生為Y,1
計東,徐釚,Directed,學生為Y,1
計東,劉凡,Directed,學生為Y,1
鄧元昌,羅有高,Directed,學生為Y,1
鄧元昌,宋雨宜,Directed,學生為Y,1
鄧元昌,魯絜非,Directed,學生為Y,1
冉覲祖,李經世,Directed,學生為Y,1
史孝咸,邵曾可,Directed,學生為Y,1
馮雲驌,鹿祐,Directed,學生為Y,1
成孺,馮煦,Directed,學生為Y,1
成孺,孔廣牧,Directed,學生為Y,1
呂夢飛,吳蒂元,Directed,學生為Y,1
朱仕琇,周凱,Directed,學生為Y,1
朱仕琇,高澍然,Directed,學生為Y,1
朱仕琇,龔景瀚,Directed,學生為Y,1
朱仕琇,魯九皋,Directed,學生為Y,1
朱用純,王喆生,Directed,學生為Y,1
朱次琦,康有為,Directed,學生為Y,1
朱次琦,簡朝亮,Directed,學生為Y,1
朱栻之,蔡念慈,Directed,學生為Y,1
喬守敬,馮煦,Directed,學生為Y,1
劉大櫆,姚鼐,Directed,學生為Y,1
劉大櫆,朱孝純,Directed,學生為Y,1
劉大櫆,程晉芳,Directed,學生為Y,1
劉大櫆,王灼,Directed,學生為Y,1
劉大櫆,甘運源,Directed,學生為Y,1
劉大櫆,吳定,Directed,學生為Y,1
劉大櫆,金榜,Directed,學生為Y,1
劉大櫆,錢伯坰,Directed,學生為Y,1
劉文麟,王乃新,Directed,學生為Y,1
劉廷榆,楊慶琛,Directed,學生為Y,1
劉宅俊,蕭穆,Directed,學生為Y,1
劉壽曾,孫詒讓,Directed,學生為Y,1
劉熙載,袁昶,Directed,學生為Y,1
劉熙載,章天耒,Directed,學生為Y,1
劉熙載,費崇朱,Directed,學生為Y,1
劉熙載,陳維祺,Directed,學生為Y,1
江沅,陳奐,Directed,學生為Y,1
湯之錡,金敞,Directed,學生為Y,1
湯之錡,顧培,Directed,學生為Y,1
許鼎,方宗誠,Directed,學生為Y,1
許作屏,吳蒂元,Directed,學生為Y,1
孫景烈,王巡泰,Directed,學生為Y,1
嚴如熤,鄭國鴻,Directed,學生為Y,1
勞史,桑調元,Directed,學生為Y,1
勞史,汪鑒,Directed,學生為Y,1
楊文會,譚嗣同,Directed,學生為Y,1
楊維屏,康敉,Directed,學生為Y,1
李銳,黎應南,Directed,學生為Y,1
李世熊,黎士弘,Directed,學生為Y,1
李賡芸,錢大昕,Directed,學生為Y,1
吳雲,錢以同,Directed,學生為Y,1
吳定,鮑桂星,Directed,學生為Y,1
吳子光,邱逢甲,Directed,學生為Y,1
吳懋政,張廷濟,Directed,學生為Y,1
何又雄,梁士詒,Directed,學生為Y,1
汪份,陳鑑,Directed,學生為Y,1
汪紱,余元遴,Directed,學生為Y,1
汪紱,余元璘,Directed,學生為Y,1
沈昀,陸寅,Directed,學生為Y,1
沈曰富,陶模,Directed,學生為Y,1
沈國模,王朝式,Directed,學生為Y,1
沈國模,韓孔當,Directed,學生為Y,1
沈國模,韓當,Directed,學生為Y,1
沈國模,蘇元璞,Directed,學生為Y,1
沈國模,俞長民,Directed,學生為Y,1
宋其沅,蔡念慈,Directed,學生為Y,1
宋翔鳳,戴望,Directed,學生為Y,1
張沐,王章,Directed,學生為Y,1
張沐,王章,Directed,學生為Y,1
張沐,李經世,Directed,學生為Y,1
張沐,黃本訥,Directed,學生為Y,1
張沐,張煓,Directed,學生為Y,1
張沐,史贊明,Directed,學生為Y,1
張沐,周丕顯,Directed,學生為Y,1
張沐,師懋學,Directed,學生為Y,1
張沐,張右栻,Directed,學生為Y,1
張沐,張焩,Directed,學生為Y,1
張沐,李殿禎,Directed,學生為Y,1
張沐,楊得秀,Directed,學生為Y,1
張沐,王志旦,Directed,學生為Y,1
張沐,鄧九齡,Directed,學生為Y,1
張沐,閻良弼,Directed,學生為Y,1
張沐,馬德迪,Directed,學生為Y,1
張沐,馬德進,Directed,學生為Y,1
張沐,馬德達,Directed,學生為Y,1
張沐,黃之錫,Directed,學生為Y,1
張沐,黃勤,Directed,學生為Y,1
張沐,劉承業,Directed,學生為Y,1
張寅,倪文蔚,Directed,學生為Y,1
張士元,張海珊,Directed,學生為Y,1
張觀美,倪文蔚,Directed,學生為Y,1
張若采,盧炳濤,Directed,學生為Y,1
張海珊,張履,Directed,學生為Y,1
張躍鱗,卜葆鈖,Directed,學生為Y,1
陸沅,卜葆鈖,Directed,學生為Y,1
陸瓚,顧學周,Directed,學生為Y,1
陸元輔,侯開國,Directed,學生為Y,1
陳奐,李善蘭,Directed,學生為Y,1
陳奐,戴望,Directed,學生為Y,1
陳瑚,吳歷,Directed,學生為Y,1
陳瑚,顧湄,Directed,學生為Y,1
陳鍔,李綬,Directed,學生為Y,1
陳瀚,梁士詒,Directed,學生為Y,1
陳壽熊,陶模,Directed,學生為Y,1
陳紹棠,梁士詒,Directed,學生為Y,1
陳厚耀,朱澤澐,Directed,學生為Y,1
陳肇昌,陸隴其,Directed,學生為Y,1
歐陽中鵠,譚嗣同,Directed,學生為Y,1
歐陽中鵠,唐才常,Directed,學生為Y,1
羅典,嚴如熤,Directed,學生為Y,1
羅典,戴尚文,Directed,學生為Y,1
羅典,彭莪,Directed,學生為Y,1
金農,羅聘,Directed,學生為Y,1
金榜,張惠言,Directed,學生為Y,1
周凱,戴熙,Directed,學生為Y,1
周思敏,沈近思,Directed,學生為Y,1
鄭簠,萬經,Directed,學生為Y,1
鄭紹謙,蔡念慈,Directed,學生為Y,1
鄭敷教,徐枋,Directed,學生為Y,1
宗元醇,劉廷榆,Directed,學生為Y,1
項名達,夏鸞翔,Directed,學生為Y,1
項名達,戴煦,Directed,學生為Y,1
項名達,黎應南,Directed,學生為Y,1
項名達,陳杰,Directed,學生為Y,1
趙自新,陸世儀,Directed,學生為Y,1
趙潤生,岑德固,Directed,學生為Y,1
趙潤生,羅炎藻,Directed,學生為Y,1
胡煦,李學裕,Directed,學生為Y,1
胡爾愷,盧象觀,Directed,學生為Y,1
查士標,何文煌,Directed,學生為Y,1
施國祁,楊炳堃,Directed,學生為Y,1
姚光晉,陳其元,Directed,學生為Y,1
耿介,李經世,Directed,學生為Y,1
夏鼎,卜葆鈖,Directed,學生為Y,1
顧廣譽,陶模,Directed,學生為Y,1
顧廣譽,方坰,Directed,學生為Y,1
錢伯坰,吳德旋,Directed,學生為Y,1
錢伯坰,陸繼輅,Directed,學生為Y,1
錢陸燦,惲鶴生,Directed,學生為Y,1
錢澄之,查慎行,Directed,學生為Y,1
徐孚遠,鄭成功,Directed,學生為Y,1
高世泰,張夏,Directed,學生為Y,1
高世泰,吳曰愼,Directed,學生為Y,1
高世泰,施璜,Directed,學生為Y,1
唐才常,林圭,Directed,學生為Y,1
凌曙,陳立,Directed,學生為Y,1
黃鼎,方士庶,Directed,學生為Y,1
黃鼎,張宗蒼,Directed,學生為Y,1
黃以周,柳詒徵,Directed,學生為Y,1
黃式三,張成渠,Directed,學生為Y,1
黃式三,成懷嶠,Directed,學生為Y,1
黃安濤,卜葆鈖,Directed,學生為Y,1
梅植之,陳立,Directed,學生為Y,1
梅曾亮,王拯,Directed,學生為Y,1
梅曾亮,馮志沂,Directed,學生為Y,1
梅曾亮,管同,Directed,學生為Y,1
曹孚,曹坦,Directed,學生為Y,1
曹孚,汪蘇,Directed,學生為Y,1
曹孚,曹榜,Directed,學生為Y,1
曹孚,程廷丰,Directed,學生為Y,1
曹仁虎,譚敬昭,Directed,學生為Y,1
曹本榮,盧傳,Directed,學生為Y,1
曹本榮,計東,Directed,學生為Y,1
曹本榮,胡兆鳳,Directed,學生為Y,1
鄂恆,徐相,Directed,學生為Y,1
康有為,林旭,Directed,學生為Y,1
康有為,譚嗣同,Directed,學生為Y,1
康有為,羅惇曧,Directed,學生為Y,1
梁以樟,王源,Directed,學生為Y,1
梁啟超,劉銘誌,Directed,學生為Y,1
彭士望,梁份,Directed,學生為Y,1
蔣仁榮,陳奐,Directed,學生為Y,1
韓煇,胡開益,Directed,學生為Y,1
韓孔當,邵廷采,Directed,學生為Y,1
韓夢周,劉鴻翱,Directed,學生為Y,1
景日昣,馮嗣京,Directed,學生為Y,1
景日昣,陳殿彥,Directed,學生為Y,1
喻昌,徐彬,Directed,學生為Y,1
程焜,汪鎣,Directed,學生為Y,1
程瑤田,方軫,Directed,學生為Y,1
程瑤田,洪黻,Directed,學生為Y,1
魯鴻,魯九皋,Directed,學生為Y,1
童鈺,章學誠,Directed,學生為Y,1
溫肅,岑光樾,Directed,學生為Y,1
溫肅,張夢津,Directed,學生為Y,1
溫肅,張夢潮,Directed,學生為Y,1
溫肅,渠敬熙,Directed,學生為Y,1
溫肅,萬嘉熙,Directed,學生為Y,1
溫璜,吳道會,Directed,學生為Y,1
游光繹,胡開益,Directed,學生為Y,1
謝文洊,甘京,Directed,學生為Y,1
謝文洊,封濬,Directed,學生為Y,1
謝文洊,黃熙,Directed,學生為Y,1
謝文洊,湯其仁,Directed,學生為Y,1
謝文洊,曾曰都,Directed,學生為Y,1
謝文洊,危龍光,Directed,學生為Y,1
管同,梅曾亮,Directed,學生為Y,1
管慶祺,陳奐,Directed,學生為Y,1
譚宗浚,唐文治,Directed,學生為Y,1
黎元寬,沈昀,Directed,學生為Y,1
滕綱,閻循觀,Directed,學生為Y,1
顏元,戴望,Directed,學生為Y,1
戴笠,潘耒,Directed,學生為Y,1
戴望,孫詒讓,Directed,學生為Y,1
戴望,陳奐,Directed,學生為Y,1
戴煦,王大有,Directed,學生為Y,1
張溥,吳偉業,Directed,學生為Y,1
王氏(謝琳英伯母),謝琳英,Directed,學生為Y,1
朱芳徽,向蘊珍,Directed,學生為Y,1
井在,陳儀,Directed,學生為Y,1
任大椿,汪廷珍,Directed,學生為Y,1
黃端伯,湯來賀,Directed,學生為Y,1
胡培翬,楊大堉,Directed,學生為Y,1
施璜,李應乾,Directed,學生為Y,1
邵齊燾,黃景仁,Directed,學生為Y,1
汪文臺,湯球,Directed,學生為Y,1
潘德輿,吳昆田,Directed,學生為Y,1
潘德輿,魯一同,Directed,學生為Y,1
朱澤澐,喬僅,Directed,學生為Y,1
丁雲鵬,谷蘭芳,Directed,學生為Y,1
左光斗,梁以樟,Directed,學生為Y,1
朱集璜,徐枋,Directed,學生為Y,1
徐汧,姜垓,Directed,學生為Y,1
鹿善繼,薛鳳祚,Directed,學生為Y,1
鹿善繼,杜越,Directed,學生為Y,1
鹿善繼,王餘佑,Directed,學生為Y,1
劉永錫,陳三島,Directed,學生為Y,1
劉永錫,徐晟,Directed,學生為Y,1
魏文魁,薛鳳祚,Directed,學生為Y,1
蘇濬,李光縉,Directed,學生為Y,1
鮑梓,紀昀,Directed,學生為Y,1
鮑梓,戈濤,Directed,學生為Y,1
鮑梓,紀昭,Directed,學生為Y,1
李若龍,紀昀,Directed,學生為Y,1
孫憲儀,談印蓮,Directed,學生為Y,1
張瑛,熊其英,Directed,學生為Y,1
文慶,馮譽驥,Directed,學生為Y,1
郭潔,于鰲圖,Directed,學生為Y,1
許乃賡,蔡念慈,Directed,學生為Y,1
許前軫,劉廷榆,Directed,學生為Y,1
麟書,梁士詒,Directed,學生為Y,1
王錫琯,彭鵬,Directed,學生為Y,1
張姚錫,徐相,Directed,學生為Y,1
尹繼善,劉綸,Directed,學生為Y,1
何森林,錢以同,Directed,學生為Y,1
何煜,沈炳震,Directed,學生為Y,1
崔錫華,錢以同,Directed,學生為Y,1
倭仁,于蔭霖,Directed,學生為Y,1
倭仁,何桂珍,Directed,學生為Y,1
傅景錞,俞日灴,Directed,學生為Y,1
德興,蔡念慈,Directed,學生為Y,1
朱以升,勞格,Directed,學生為Y,1
穆彰阿,桑春榮,Directed,學生為Y,1
穆彰阿,劉廷榆,Directed,學生為Y,1
徐盛持,許振礽,Directed,學生為Y,1
宋鳴琦,許振礽,Directed,學生為Y,1
潘庭筠,盧炳濤,Directed,學生為Y,1
梁葆慶,牛樹梅,Directed,學生為Y,1
沈學廉,蔡念慈,Directed,學生為Y,1
溫廷獻,蔡念慈,Directed,學生為Y,1
湯景和,蔡念慈,Directed,學生為Y,1
祁世長,吳慶坻,Directed,學生為Y,1
志銳,梁士詒,Directed,學生為Y,1
李良模,葛斗南,Directed,學生為Y,1
莊瑤,鮑源深,Directed,學生為Y,1
莊瑤,劉廷榆,Directed,學生為Y,1
萬兆霖,倪文蔚,Directed,學生為Y,1
韓天垣,鮑源深,Directed,學生為Y,1
黃洙,李鍾泗,Directed,學生為Y,1
蔡履元,陳萬青,Directed,學生為Y,1
觀保,于鰲圖,Directed,學生為Y,1
賀崇禧,錢以同,Directed,學生為Y,1
柏葰,鮑源深,Directed,學生為Y,1
楊繩武,嚴長明,Directed,學生為Y,1
楊明善,王柏心,Directed,學生為Y,1
成世瑄,蔡念慈,Directed,學生為Y,1
恩桂,劉廷榆,Directed,學生為Y,1
恩桂,蔡念慈,Directed,學生為Y,1
明安圖,陳際新,Directed,學生為Y,1
馬俊良,吳蒂元,Directed,學生為Y,1
劉遵和,徐相,Directed,學生為Y,1
陸泌,胡開益,Directed,學生為Y,1
陳序球,梁士詒,Directed,學生為Y,1
介福,朱筠,Directed,學生為Y,1
喻昌,徐彬,Directed,學生為Y,1
羅翽雲,古直,Directed,學生為Y,1
牛金星,彭遐齡,Directed,學生為Y,1
羅惇曧,梁士詒,Directed,學生為Y,1
華衡芳,楊兆鋆,Directed,學生為Y,1
柳詒徵,向達,Directed,學生為Y,1
柳詒徵,張其昀,Directed,學生為Y,1
柳詒徵,繆鳳林,Directed,學生為Y,1
柳詒徵,范希增,Directed,學生為Y,1
柳詒徵,郭斌龢,Directed,學生為Y,1
柳詒徵,鄭鶴聲,Directed,學生為Y,1
吳太冲,周宗彝,Directed,學生為Y,1
張崇懿,錢以同,Directed,學生為Y,1
侯承慶,錢以同,Directed,學生為Y,1
趙烈,錢以同,Directed,學生為Y,1
趙連茹,錢以同,Directed,學生為Y,1
李錫瓚,錢以同,Directed,學生為Y,1
楊曉春,徐相,Directed,學生為Y,1
饒謙,吳蒂元,Directed,學生為Y,1
俞帝頒,俞日灴,Directed,學生為Y,1
厚慶,俞日灴,Directed,學生為Y,1
程元棫,卜葆鈖,Directed,學生為Y,1
馮淑,卜葆鈖,Directed,學生為Y,1
夏鼎,卜葆鈖,Directed,學生為Y,1
徐廷英,范梁,Directed,學生為Y,1
張松齡,范梁,Directed,學生為Y,1
范新,范梁,Directed,學生為Y,1
劉勳,范梁,Directed,學生為Y,1
趙丙奎,范梁,Directed,學生為Y,1
李如蘭,盧炳濤,Directed,學生為Y,1
錢均,盧炳濤,Directed,學生為Y,1
趙士霖,盧炳濤,Directed,學生為Y,1
魏繼相,范梁,Directed,學生為Y,1
姚伊憲,范梁,Directed,學生為Y,1
吳康圻,范梁,Directed,學生為Y,1
何烺,范梁,Directed,學生為Y,1
周龍章,范梁,Directed,學生為Y,1
陸炳奎,沈光發,Directed,學生為Y,1
張銘,沈光發,Directed,學生為Y,1
萬臺,姚光發,Directed,學生為Y,1
闞惟寅,卓橒,Directed,學生為Y,1
彭運亨,卓橒,Directed,學生為Y,1
趙國鼎,卓橒,Directed,學生為Y,1
余淩雲,卓橒,Directed,學生為Y,1
楊南村,周炳鑑,Directed,學生為Y,1
楊楚林,周炳鑑,Directed,學生為Y,1
顧簣山,周炳鑑,Directed,學生為Y,1
邱石香,周炳鑑,Directed,學生為Y,1
宛名震,周炳鑑,Directed,學生為Y,1
楊芳騰,周炳鑑,Directed,學生為Y,1
楊翔龍,蔡念慈,Directed,學生為Y,1
顧曾,蔡念慈,Directed,學生為Y,1
王安瀾,蔡念慈,Directed,學生為Y,1
叢貞一,姜元衡,Directed,學生為Y,1
叢貞一,尹際泰,Directed,學生為Y,1
叢貞一,尹際泰,Directed,學生為Y,1
叢貞一,尹際福,Directed,學生為Y,1
叢五瑞,姜元衡,Directed,學生為Y,1
叢五瑞,尹際泰,Directed,學生為Y,1
叢五瑞,尹際泰,Directed,學生為Y,1
叢五瑞,尹際福,Directed,學生為Y,1
竇欲峻,蔡念慈,Directed,學生為Y,1
張存素,劉廷榆,Directed,學生為Y,1
姜宮綬,劉廷榆,Directed,學生為Y,1
李申耆,馮桂芬,Directed,學生為Y,1
李申耆,曹毓瑛,Directed,學生為Y,1
池天榮,喬照,Directed,學生為Y,1
陳杰,丁兆慶,Directed,學生為Y,1
陳杰,張福僖,Directed,學生為Y,1
高鐈,陳僖,Directed,學生為Y,1
丁錦堂,烏梁罕貢桑諾爾布,Directed,學生為Y,1
何士客,方正澍,Directed,學生為Y,1
何應松,金雲門,Directed,學生為Y,1
何文安,鮑源深,Directed,學生為Y,1
何道州,傅壽彤,Directed,學生為Y,1
余存吾,陶澍,Directed,學生為Y,1
余鼎三,何藻翔,Directed,學生為Y,1
俞君輿,俞日灴,Directed,學生為Y,1
俞浚明,俞日灴,Directed,學生為Y,1
倪觀湖,梅文鼎,Directed,學生為Y,1
傅光日,張履祥,Directed,學生為Y,1
釋函昰,屈大均,Directed,學生為Y,1
劉國霖,倪文蔚,Directed,學生為Y,1
劉燮臣,趙潤生,Directed,學生為Y,1
劉見田,李塨,Directed,學生為Y,1
劉鶴鳴,董友筠,Directed,學生為Y,1
包進臣,劉文淇,Directed,學生為Y,1
匡名源,鮑源深,Directed,學生為Y,1
南雷公,閻若璩,Directed,學生為Y,1
史玉瓚,袁枚,Directed,學生為Y,1
史鴻舉,倪文蔚,Directed,學生為Y,1
吳一清,閻若璩,Directed,學生為Y,1
吳少華,汪守和,Directed,學生為Y,1
吳持明,顏元,Directed,學生為Y,1
吳洞霄,顏元,Directed,學生為Y,1
吳雲峰,顧皋,Directed,學生為Y,1
呂翼文,鄒容,Directed,學生為Y,1
周士宏,姜國霖,Directed,學生為Y,1
周雲陔,徐駿,Directed,學生為Y,1
唐仁義,孫詒讓,Directed,學生為Y,1
唐仲勉,徐宗幹,Directed,學生為Y,1
唐古忒,翁牛忒榮惠,Directed,學生為Y,1
單師南,王來咸,Directed,學生為Y,1
嚴寶成,沈近思,Directed,學生為Y,1
姚姫傳,吳汝綸,Directed,學生為Y,1
姚文僖,譚敬昭,Directed,學生為Y,1
孫台衡,張履祥,Directed,學生為Y,1
孫逢奇,劉體仁,Directed,學生為Y,1
宓如椿,胡開益,Directed,學生為Y,1
尹元孚,段玉裁,Directed,學生為Y,1
廬錦,金溶,Directed,學生為Y,1
張小軒,吳廷棟,Directed,學生為Y,1
張廣雅,黃紹箕,Directed,學生為Y,1
張欲釗,范當世,Directed,學生為Y,1
張泰卿,戴殿江,Directed,學生為Y,1
張浦山,朱琰,Directed,學生為Y,1
張看雲,朱琰,Directed,學生為Y,1
張策時,陸伯焜,Directed,學生為Y,1
張而素,李塨,Directed,學生為Y,1
張蓮濤,周揆源,Directed,學生為Y,1
張錫蕃,倪文蔚,Directed,學生為Y,1
彭元端,胡秉虔,Directed,學生為Y,1
彭芸楣,黃丕烈,Directed,學生為Y,1
恩文肅,鮑源深,Directed,學生為Y,1
戴文瑞,譚敬昭,Directed,學生為Y,1
戴鈞元,李鈞,Directed,學生為Y,1
朱九疇,洪秀全,Directed,學生為Y,1
朱文端,李衛,Directed,學生為Y,1
朱鼎超,顏鳴皐,Directed,學生為Y,1
朱鼐,錢以同,Directed,學生為Y,1
李北海,程正揆,Directed,學生為Y,1
李尚之,馮桂芬,Directed,學生為Y,1
李崶,孫奇逢,Directed,學生為Y,1
李晴山,汪廷珍,Directed,學生為Y,1
李洛譜,何藻翔,Directed,學生為Y,1
李豫德,王學浩,Directed,學生為Y,1
杜文正,鮑源深,Directed,學生為Y,1
林樂知,楊兆鋆,Directed,學生為Y,1
林洊,張家玉,Directed,學生為Y,1
林翥坡,張亨嘉,Directed,學生為Y,1
梁殿勤,梁士詒,Directed,學生為Y,1
梁騮藻,梁士詒,Directed,學生為Y,1
楊文叔,袁枚,Directed,學生為Y,1
楊祖健,趙逢源,Directed,學生為Y,1
楊輝宁,胡開益,Directed,學生為Y,1
樊介軒,何藻翔,Directed,學生為Y,1
江聲善,陳奐,Directed,學生為Y,1
汪世麟,朱仕琇,Directed,學生為Y,1
汪若紀,李塨,Directed,學生為Y,1
沈世楷,杭世駿,Directed,學生為Y,1
沈兼士,丁山,Directed,學生為Y,1
沈玉叔,孫金彪,Directed,學生為Y,1
沈石田,王學浩,Directed,學生為Y,1
沙布嚨普爾覺羅布藏楚稱甲木巴勒嘉木瑳,嘉穆巴圖多普,Directed,學生為Y,1
浪杖人,髠殘,Directed,學生為Y,1
潘文恭,鮑源深,Directed,學生為Y,1
烏爾恭額,蔡念慈,Directed,學生為Y,1
王乙齋,汪守和,Directed,學生為Y,1
王古堂,夏之蓉,Directed,學生為Y,1
王徵南,黃百家,Directed,學生為Y,1
王朝輅,王筠,Directed,學生為Y,1
申敦賢,錢以同,Directed,學生為Y,1
石室老人,金農,Directed,學生為Y,1
石電,陸世儀,Directed,學生為Y,1
研國,沈垚,Directed,學生為Y,1
研孰,沈垚,Directed,學生為Y,1
福濟房,鮑源深,Directed,學生為Y,1
羅王賓,梅文鼎,Directed,學生為Y,1
胡嗣寅,趙潤生,Directed,學生為Y,1
胡心泉,胡肇智,Directed,學生為Y,1
莊存與,魏源,Directed,學生為Y,1
華喦,奚岡,Directed,學生為Y,1
菽水,索綽絡寶鋆,Directed,學生為Y,1
董文恭,周凱,Directed,學生為Y,1
蔡一帆,段玉裁,Directed,學生為Y,1
蔡吳壽,胡林翼,Directed,學生為Y,1
蔡用錫,胡林翼,Directed,學生為Y,1
蔣崧,蔣啟敭,Directed,學生為Y,1
蔣鼎山,蔣啟敭,Directed,學生為Y,1
蕭以莊,李鈞,Directed,學生為Y,1
蕭山湯,嚴正基,Directed,學生為Y,1
謝四,張致,Directed,學生為Y,1
費寶鍔,陳奐,Directed,學生為Y,1
賈琻,顏元,Directed,學生為Y,1
趙師光,李塨,Directed,學生為Y,1
趙烈府,錢以同,Directed,學生為Y,1
趙錫之,李塨,Directed,學生為Y,1
車克愼,劉廷榆,Directed,學生為Y,1
郭蘭石,成世瑄,Directed,學生為Y,1
錢圓沙,沈近思,Directed,學生為Y,1
陰靜夫,伊秉綬,Directed,學生為Y,1
陳句山,王士讓,Directed,學生為Y,1
陳士杰,于庫里恩銘,Directed,學生為Y,1
陳碩父,吳大澂,Directed,學生為Y,1
青籐老人,舒位,Directed,學生為Y,1
韓昌黎,傅山,Directed,學生為Y,1
高澍,周凱,Directed,學生為Y,1
高祖汪廷珍,金鶚,Directed,學生為Y,1
魯山木,陳希曾,Directed,學生為Y,1
黃宗彜,嚴復,Directed,學生為Y,1
黃心齡,梁士詒,Directed,學生為Y,1
借巢老人,沈近思,Directed,學生為Y,1
石室老人,金農,Directed,學生為Y,1
耕庵老人,朱耷,Directed,學生為Y,1
余斌,張大維,Directed,學生為Y,1
劉文蔚,章學誠,Directed,學生為Y,1
呂洪,梁士詒,Directed,學生為Y,1
張珂,王翬,Directed,學生為Y,1
陳澧,陳伯陶,Directed,學生為Y,1
陳澧,楊裕芬,Directed,學生為Y,1
吳和甫,于壽昌,Directed,學生為Y,1
吳和甫,蔡琳,Directed,學生為Y,1
吳和甫,馬壽齡,Directed,學生為Y,1
馮景亭,于壽昌,Directed,學生為Y,1
馮景亭,蔡琳,Directed,學生為Y,1
馮景亭,馬壽齡,Directed,學生為Y,1
陶奭齡,徐廷玠,Directed,學生為Y,1
方繼赤,董大鵬,Directed,學生為Y,1
潘繼武,董大鵬,Directed,學生為Y,1
管宗聖,韓孔當,Directed,學生為Y,1
范瞻雲,朱翰,Directed,學生為Y,1
劉原起,欽楫,Directed,學生為Y,1
郁文,陳煥,Directed,學生為Y,1
