Id,Label
鄭成功,鄭成功
阮常生,阮常生
阮福,阮福
張熙,張熙
沈業富,沈業富
錢載,錢載
錢大昕,錢大昕
王鳴盛,王鳴盛
朱筠,朱筠
朱珪,朱珪
史積容,史積容
紀昀,紀昀
瞿式耜,瞿式耜
屈大均,屈大均
馮桂芬,馮桂芬
錢謙益,錢謙益
傅山,傅山
杭世駿,杭世駿
徐釚,徐釚
徐松,徐松
薛鳳祚,薛鳳祚
黃丕烈,黃丕烈
黃宗羲,黃宗羲
黃宗炎,黃宗炎
洪亮吉,洪亮吉
倪會鼎,倪會鼎
顧廣圻,顧廣圻
程恩澤,程恩澤
江藩,江藩
錢曾,錢曾
周中孚,周中孚
李塨,李塨
李習仁,李習仁
顏元,顏元
李調元,李調元
王昶,王昶
凌廷堪,凌廷堪
盧象觀,盧象觀
陸隴其,陸隴其
盧文弨,盧文弨
毛先舒,毛先舒
梅文鼎,梅文鼎
鈕樹玉,鈕樹玉
潘耒,潘耒
潘眉,潘眉
包世臣,包世臣
彭定求,彭定求
畢沅,畢沅
黃百家,黃百家
邵曾可,邵曾可
邵廷采,邵廷采
韓菼,韓菼
萬泰,萬泰
萬斯年,萬斯年
萬斯程,萬斯程
萬斯禎,萬斯禎
萬言,萬言
萬斯昌,萬斯昌
萬斯選,萬斯選
萬斯大,萬斯大
萬經,萬經
萬斯備,萬斯備
萬斯同,萬斯同
王源,王源
趙一清,趙一清
王念孫,王念孫
孫星衍,孫星衍
張惠言,張惠言
陳壽祺,陳壽祺
臧庸,臧庸
臧禮堂,臧禮堂
閻若璩,閻若璩
桑調元,桑調元
孫奇逢,孫奇逢
湯斌,湯斌
王筠,王筠
汪輝祖,汪輝祖
王柏心,王柏心
武億,武億
姚鼐,姚鼐
李兆洛,李兆洛
吳德旋,吳德旋
吳偉業,吳偉業
劉體仁,劉體仁
施閏章,施閏章
尹會一,尹會一
譚獻,譚獻
袁昶,袁昶
陸心源,陸心源
張允滋,張允滋
金逸,金逸
袁枚,袁枚
嚴長明,嚴長明
徐昭華,徐昭華
汪廷珍,汪廷珍
林旭,林旭
愛新覺羅載淳,愛新覺羅載淳
愛新覺羅載湉,愛新覺羅載湉
林紓,林紓
梁章鉅,梁章鉅
孔廣森,孔廣森
吳汝綸,吳汝綸
廖廷相,廖廷相
宗稷辰,宗稷辰
況周頤,況周頤
毛晉,毛晉
楊芳燦,楊芳燦
嚴復,嚴復
陶澍,陶澍
郭麐,郭麐
吳嵩梁,吳嵩梁
石韞玉,石韞玉
舒位,舒位
查慎行,查慎行
陳澧,陳澧
王鵬運,王鵬運
錢維城,錢維城
翁心存,翁心存
黃幼藻,黃幼藻
林萬棟,林萬棟
吳蘭庭,吳蘭庭
吳榮光,吳榮光
席佩蘭,席佩蘭
濮文暹,濮文暹
談印蓮,談印蓮
王時敏,王時敏
謝啟昆,謝啟昆
吳慶坻,吳慶坻
王家璧,王家璧
裘曰修,裘曰修
愛新覺羅弘曆,愛新覺羅弘曆
張玉珍,張玉珍
樊增祥,樊增祥
冒襄,冒襄
嚴迢,嚴迢
侯方域,侯方域
愛新覺羅允祥,愛新覺羅允祥
胡林翼,胡林翼
王傑,王傑
曹振鏞,曹振鏞
陸燿,陸燿
黃鉞,黃鉞
顧皋,顧皋
愛新覺羅允禵,愛新覺羅允禵
鮑源深,鮑源深
楊名時,楊名時
葉酉,葉酉
王紹蘭,王紹蘭
宣永貴,宣永貴
董誥,董誥
雷鋐,雷鋐
鄧廷楨,鄧廷楨
竇光鼐,竇光鼐
夏之蓉,夏之蓉
程正揆,程正揆
徐頲,徐頲
陳大受,陳大受
納喇常安,納喇常安
于蔭霖,于蔭霖
嚴正基,嚴正基
索綽絡寶鋆,索綽絡寶鋆
薛福成,薛福成
劉鴻翱,劉鴻翱
劉綸,劉綸
褚廷璋,褚廷璋
翁牛忒榮惠,翁牛忒榮惠
楊頤,楊頤
張亮基,張亮基
夏同善,夏同善
王拯,王拯
段玉裁,段玉裁
郭金城,郭金城
李衛,李衛
陳世倌,陳世倌
陳希曾,陳希曾
陳儀,陳儀
吳三桂,吳三桂
吳廷棟,吳廷棟
李國柱,李國柱
李雲麟,李雲麟
呂佺孫,呂佺孫
李鴻章,李鴻章
沈起元,沈起元
鍾依三多,鍾依三多
李鈞,李鈞
李綬,李綬
汪守和,汪守和
沈廷芳,沈廷芳
林天齡,林天齡
官獻瑤,官獻瑤
胡中藻,胡中藻
張亨嘉,張亨嘉
朱一新,朱一新
蔣彬蔚,蔣彬蔚
徐宗幹,徐宗幹
胡肇智,胡肇智
陶模,陶模
何桂珍,何桂珍
吳坤修,吳坤修
吳鍾駿,吳鍾駿
王章,王章
劉鳳誥,劉鳳誥
陳用光,陳用光
愛新覺羅奕譞,愛新覺羅奕譞
愛新覺羅奕誴,愛新覺羅奕誴
徐元文,徐元文
胡家玉,胡家玉
曹毓瑛,曹毓瑛
桑春榮,桑春榮
吳大澂,吳大澂
何逄僖,何逄僖
于庫里恩銘,于庫里恩銘
秦綬章,秦綬章
周永年,周永年
裴?度,裴?度
孫詒經,孫詒經
孫家鼐,孫家鼐
孫家榖,孫家榖
董恂,董恂
徐枋,徐枋
盧傳,盧傳
吳雯,吳雯
朱孝純,朱孝純
戴敦元,戴敦元
愛新覺羅顒琰,愛新覺羅顒琰
馮譽驥,馮譽驥
愛新覺羅允礽,愛新覺羅允礽
馮煦,馮煦
安維峻,安維峻
愛新覺羅胤禛,愛新覺羅胤禛
姜元衡,姜元衡
嘉穆巴圖多普,嘉穆巴圖多普
張岳崧,張岳崧
張玉書,張玉書
喬照,喬照
孫詒讓,孫詒讓
鮑桂星,鮑桂星
卓橒,卓橒
楊慶琛,楊慶琛
愛新覺羅奕謨,愛新覺羅奕謨
愛新覺羅奕譓,愛新覺羅奕譓
羅正鈞,羅正鈞
范梁,范梁
李彥章,李彥章
張家驤,張家驤
鄒容,鄒容
洪昇,洪昇
洪秀全,洪秀全
吳歷,吳歷
呂葆中,呂葆中
蔣啟敭,蔣啟敭
陳芳績,陳芳績
陳洪綬,陳洪綬
陳維崧,陳維崧
陳撰,陳撰
仇兆鰲,仇兆鰲
陸世儀,陸世儀
章學誠,章學誠
方宗誠,方宗誠
方東樹,方東樹
李續賓,李續賓
曹錫齡,曹錫齡
劉文淇,劉文淇
李善蘭,李善蘭
杜越,杜越
沈彤,沈彤
沈近思,沈近思
沈炳震,沈炳震
劉寶楠,劉寶楠
彭鵬,彭鵬
納喇揆敍,納喇揆敍
汪中,汪中
納蘭性德,納蘭性德
程晉芳,程晉芳
林佶,林佶
邱逢甲,邱逢甲
費密,費密
章宗源,章宗源
鄭珍,鄭珍
愛新覺羅奕詝,愛新覺羅奕詝
王翬,王翬
張裕釗,張裕釗
張漣,張漣
張履祥,張履祥
愛新覺羅奕誌,愛新覺羅奕誌
申涵光,申涵光
黃紹箕,黃紹箕
戴熙,戴熙
戴震,戴震
黃景仁,黃景仁
歸莊,歸莊
魏源,魏源
楊文驄,楊文驄
羅士琳,羅士琳
譚嗣同,譚嗣同
何焯,何焯
朱彜尊,朱彜尊
江聲,江聲
余蕭客,余蕭客
余集,余集
周揆源,周揆源
陳啟邁,陳啟邁
倪文蔚,倪文蔚
朱綱,朱綱
戈濤,戈濤
陳伯陶,陳伯陶
陶琰,陶琰
陳浩,陳浩
朱耷,朱耷
丁兆慶,丁兆慶
周學熙,周學熙
方正澍,方正澍
方士庶,方士庶
方申,方申
方楘如,方楘如
方坰,方坰
張同敞,張同敞
王心敬,王心敬
卞斌,卞斌
王又樸,王又樸
王乃新,王乃新
王士讓,王士讓
王大有,王大有
王以銜,王以銜
王灼,王灼
牛樹梅,牛樹梅
王巡泰,王巡泰
王來咸,王來咸
王衍梅,王衍梅
王原,王原
鹿丕宗,鹿丕宗
王朝式,王朝式
王喆生,王喆生
王聘珍,王聘珍
王猷定,王猷定
王萱齡,王萱齡
王餘佑,王餘佑
王錱,王錱
王學浩,王學浩
蔣樞,蔣樞
丁履恆,丁履恆
卜葆鈖,卜葆鈖
于鰲圖,于鰲圖
馬其昶,馬其昶
馬學易,馬學易
馬復震,馬復震
馬起升,馬起升
王繻,王繻
王仁俊,王仁俊
王兆符,王兆符
王敬銘,王敬銘
方士淦,方士淦
方道希,方道希
計東,計東
孔廣牧,孔廣牧
甘京,甘京
甘運源,甘運源
盧鎬,盧鎬
盧炳濤,盧炳濤
葉新,葉新
史申義,史申義
史致諤,史致諤
樂鈞,樂鈞
馮志沂,馮志沂
呂飛鵬,呂飛鵬
朱仕琇,朱仕琇
朱銘盤,朱銘盤
朱彭壽,朱彭壽
華允誠,華允誠
華玉淳,華玉淳
伊秉綬,伊秉綬
莊亨陽,莊亨陽
劉凡,劉凡
劉開,劉開
劉廷榆,劉廷榆
劉孚京,劉孚京
劉恭冕,劉恭冕
江承之,江承之
湯球,湯球
湯右曾,湯右曾
湯來賀,湯來賀
許三禮,許三禮
許振礽,許振礽
紀昭,紀昭
孫經世,孫經世
孫葆田,孫葆田
于壽昌,于壽昌
嚴如熤,嚴如熤
勞格,勞格
勞孝輿,勞孝輿
蘇珥,蘇珥
蘇惇元,蘇惇元
楊峴,楊峴
楊文薦,楊文薦
李惇,李惇
李光縉,李光縉
李學裕,李學裕
李經世,李經世
李貽德,李貽德
李鍾倫,李鍾倫
李鍾泗,李鍾泗
李賡芸,李賡芸
吳雲,吳雲
吳定,吳定
吳熙載,吳熙載
吳廷香,吳廷香
吳昆田,吳昆田
吳鍾巒,吳鍾巒
吳泰來,吳泰來
吳蒂元,吳蒂元
何夢瑤,何夢瑤
何藻翔,何藻翔
余元遴,余元遴
汪沆,汪沆
汪鎣,汪鎣
汪鑒,汪鑒
汪宗沂,汪宗沂
汪家禧,汪家禧
沈昀,沈昀
沈垚,沈垚
沈荃,沈荃
沈起,沈起
沈濤,沈濤
沈光文,沈光文
宋書升,宋書升
張沐,張沐
張弨,張弨
張炳,張炳
張履,張履
張謇,張謇
張廷濟,張廷濟
張海珊,張海珊
張家玉,張家玉
張甄陶,張甄陶
陸寅,陸寅
陸以湉,陸以湉
陸伯焜,陸伯焜
陸繼輅,陸繼輅
陳立,陳立
陳奐,陳奐
陳三島,陳三島
陳萬青,陳萬青
陳慶門,陳慶門
陳克家,陳克家
陳其元,陳其元
陳厚耀,陳厚耀
陳景雲,陳景雲
陳履和,陳履和
范當世,范當世
羅聘,羅聘
羅天尺,羅天尺
羅有高,羅有高
金農,金農
金敞,金敞
金溶,金溶
金榜,金榜
金鶚,金鶚
金雲門,金雲門
周凱,周凱
周士儀,周士儀
鄭國鴻,鄭國鴻
鄭福照,鄭福照
單作哲,單作哲
宗元鼎,宗元鼎
封濬,封濬
趙紹祖,趙紹祖
趙潤生,趙潤生
趙椿年,趙椿年
胡秉虔,胡秉虔
茹敦和,茹敦和
柳興恩,柳興恩
俞奎垣,俞奎垣
施補華,施補華
惲日初,惲日初
姜垓,姜垓
洪頤煊,洪頤煊
洪震煊,洪震煊
祝淵,祝淵
姚瑚,姚瑚
姚椿,姚椿
姚光發,姚光發
駱騰鳳,駱騰鳳
袁繼梓,袁繼梓
耿介,耿介
桂馥,桂馥
夏鸞翔,夏鸞翔
顧樞,顧樞
顧有孝,顧有孝
錢林,錢林
錢以同,錢以同
錢名世,錢名世
錢伯坰,錢伯坰
錢澄之,錢澄之
徐相,徐相
徐晟,徐晟
徐駿,徐駿
徐子苓,徐子苓
徐用錫,徐用錫
徐葆光,徐葆光
奚岡,奚岡
高澍然,高澍然
唐岱,唐岱
唐才常,唐才常
唐紹祖,唐紹祖
黃鼎,黃鼎
黃熙,黃熙
黃以周,黃以周
黃本訥,黃本訥
蕭穆,蕭穆
梅植之,梅植之
梅曾亮,梅曾亮
曹禾,曹禾
龔景瀚,龔景瀚
盛楓,盛楓
崔蔚林,崔蔚林
康有為,康有為
鹿祐,鹿祐
閻循觀,閻循觀
梁份,梁份
梁士詒,梁士詒
梁以樟,梁以樟
梁啟超,梁啟超
彭遐齡,彭遐齡
董國華,董國華
董秉純,董秉純
蔣杲,蔣杲
蔣衡,蔣衡
蔣恭棐,蔣恭棐
韓孔當,韓孔當
惠周惕,惠周惕
程崟,程崟
程瑤田,程瑤田
傅壽彤,傅壽彤
魯一同,魯一同
魯九皋,魯九皋
溫儀,溫儀
蒯光典,蒯光典
簡朝亮,簡朝亮
蔡念慈,蔡念慈
管同,管同
譚敬昭,譚敬昭
熊其英,熊其英
黎士弘,黎士弘
戴易,戴易
戴望,戴望
戴煦,戴煦
戴鈞衡,戴鈞衡
戴殿江,戴殿江
謝琳英,謝琳英
向蘊珍,向蘊珍
王子蘭,王子蘭
劉銘誌,劉銘誌
唐文治,唐文治
愛新覺羅綿德,愛新覺羅綿德
朱琰,朱琰
丁山,丁山
方觀旭,方觀旭
侯開國,侯開國
任大椿,任大椿
張夏,張夏
孫金彪,孫金彪
徐嘉瑞,徐嘉瑞
烏梁罕貢桑諾爾布,烏梁罕貢桑諾爾布
康敉,康敉
胡培翬,胡培翬
楊大堉,楊大堉
劉湘煃,劉湘煃
高怡,高怡
楊兆鋆,楊兆鋆
楊炳堃,楊炳堃
余元璘,余元璘
吳曰愼,吳曰愼
姚宏任,姚宏任
姜國霖,姜國霖
施璜,施璜
顧培,顧培
喬僅,喬僅
湯其仁,湯其仁
韓當,韓當
熊方柏,熊方柏
楊榮緖,楊榮緖
曾曰都,曾曰都
蔣學鏞,蔣學鏞
金曰追,金曰追
鄭宗彜,鄭宗彜
張篤慶,張篤慶
顏鳴皐,顏鳴皐
顧湄,顧湄
陸奎勛,陸奎勛
承培元,承培元
宋景昌,宋景昌
繆尚誥,繆尚誥
彭泰來,彭泰來
管禮耕,管禮耕
袁寶璜,袁寶璜
陶方琦,陶方琦
譚廷獻,譚廷獻
賀濤,賀濤
朱澤澐,朱澤澐
紀汝倫,紀汝倫
張履旋,張履旋
谷蘭芳,谷蘭芳
安積覺,安積覺
郭文鋕,郭文鋕
張尹,張尹
張大受,張大受
岑光樾,岑光樾
馮嗣京,馮嗣京
沈世煒,沈世煒
姚錫華,姚錫華
董友筠,董友筠
英和,英和
葛斗南,葛斗南
黃世成,黃世成
蔡琳,蔡琳
楊裕芬,楊裕芬
胡開益,胡開益
趙逢源,趙逢源
貴徵,貴徵
成城,成城
成世瑄,成世瑄
曹坦,曹坦
陸奎勳,陸奎勳
周炳鑑,周炳鑑
俞日灴,俞日灴
張煓,張煓
徐彬,徐彬
戴尚文,戴尚文
鄒澍,鄒澍
楊沂孫,楊沂孫
楊亮,楊亮
馬元馭,馬元馭
髠殘,髠殘
蘇寶盉,蘇寶盉
張宗蒼,張宗蒼
楊晉,楊晉
羅惇曧,羅惇曧
龔士燕,龔士燕
陳際新,陳際新
張福僖,張福僖
華世芳,華世芳
黎應南,黎應南
惲鶴生,惲鶴生
張致,張致
陳自舜,陳自舜
李興祖,李興祖
柳詒徵,柳詒徵
陳僖,陳僖
張大維,張大維
王素行,王素行
孫夢逵,孫夢逵
劉調贊,劉調贊
古直,古直
尹際泰,尹際泰
沈光發,沈光發
耿極,耿極
趙御衆,趙御衆
陳杰,陳杰
高鐈,高鐈
何文煌,何文煌
劉兆蘭,劉兆蘭
劭晉涵,劭晉涵
危龍光,危龍光
史贊明,史贊明
向達,向達
吳日夔,吳日夔
吳晞淵,吳晞淵
周丕顯,周丕顯
周宗彝,周宗彝
唐端笏,唐端笏
嚴杰,嚴杰
姚夏,姚夏
姚璉,姚璉
安東守約,安東守約
宋雨宜,宋雨宜
岑德固,岑德固
師懋學,師懋學
弓汝恒,弓汝恒
張其昀,張其昀
張其錦,張其錦
張右栻,張右栻
張嘉瑾,張嘉瑾
張園真,張園真
張夢津,張夢津
張夢潮,張夢潮
張成渠,張成渠
張焩,張焩
彭莪,彭莪
徐亭梅,徐亭梅
徐流方,徐流方
德川光圀,德川光圀
成懷嶠,成懷嶠
戴揚輝,戴揚輝
方杓,方杓
曹培源,曹培源
朱敬輿,朱敬輿
李殿禎,李殿禎
李為憲,李為憲
李鼎徵,李鼎徵
林圭,林圭
林昌彜,林昌彜
查燕緖,查燕緖
柳逢良,柳逢良
楊仁澍,楊仁澍
楊得秀,楊得秀
楊湛,楊湛
楢原陳政,楢原陳政
汪亨龍,汪亨龍
汪浦,汪浦
沈丙墀,沈丙墀
洪儲,洪儲
渠敬熙,渠敬熙
漆士昌,漆士昌
王居敬,王居敬
王志旦,王志旦
王方岐,王方岐
珍妃,珍妃
瑾妃,瑾妃
程普芳,程普芳
程洪溥,程洪溥
章大來,章大來
章天耒,章天耒
章有謨,章有謨
繆鳳林,繆鳳林
羅炎藻,羅炎藻
胡兆鳳,胡兆鳳
范希增,范希增
華鯤,華鯤
萬嘉熙,萬嘉熙
葉夢草,葉夢草
費士璣,費士璣
費崇朱,費崇朱
載澤,載澤
邢志南,邢志南
郝文燦,郝文燦
郭斌龢,郭斌龢
鄒林,鄒林
鄧九齡,鄧九齡
鄭鶴聲,鄭鶴聲
鄺露,鄺露
金明吉,金明吉
鍾錂,鍾錂
閻良弼,閻良弼
陳殿彥,陳殿彥
陳維祺,陳維祺
陸邦烈,陸邦烈
項惟貞,項惟貞
顏鼎受,顏鼎受
顏鼎孚,顏鼎孚
顏鼎爵,顏鼎爵
馬德迪,馬德迪
馬德進,馬德進
馬德達,馬德達
魏一鼇,魏一鼇
魯絜非,魯絜非
黃之錫,黃之錫
黃勤,黃勤
黃奭,黃奭
龍沐勛,龍沐勛
劉承業,劉承業
尹際福,尹際福
馬壽齡,馬壽齡
李應乾,李應乾
董大鵬,董大鵬
徐廷玠,徐廷玠
蘇元璞,蘇元璞
俞長民,俞長民
商徵說,商徵說
朱翰,朱翰
汪蘇,汪蘇
曹榜,曹榜
程廷丰,程廷丰
王大啟,王大啟
沈芳,沈芳
陳煥,陳煥
陳鑑,陳鑑
顧學周,顧學周
郁吳邑,郁吳邑
方軫,方軫
黃衡,黃衡
洪黻,洪黻
吳道會,吳道會
欽楫,欽楫
葛長庚,葛長庚
陳子龍,陳子龍
阮元,阮元
林禹門,林禹門
劉臺拱,劉臺拱
錢陳群,錢陳群
錢儀吉,錢儀吉
錢泰吉,錢泰吉
李中簡,李中簡
全祖望,全祖望
俞樾,俞樾
侯康,侯康
徐乾學,徐乾學
張伯行,張伯行
惠士奇,惠士奇
惠棟,惠棟
倪元璐,倪元璐
高攀龍,高攀龍
祁寯藻,祁寯藻
祁世長,祁世長
姜宸英,姜宸英
江永,江永
厲鶚,厲鶚
翁方綱,翁方綱
毛奇齡,毛奇齡
彭元瑞,彭元瑞
方苞,方苞
孫慎行,孫慎行
唐仲冕,唐仲冕
吳兆騫,吳兆騫
顧炎武,顧炎武
曾國藩,曾國藩
顧憲成,顧憲成
顧允成,顧允成
馮從吾,馮從吾
劉宗周,劉宗周
陶正靖,陶正靖
沈壽民,沈壽民
董其昌,董其昌
張之洞,張之洞
王士禎,王士禎
魏禧,魏禧
姚瑩,姚瑩
趙執信,趙執信
汪琬,汪琬
俞正燮,俞正燮
繆荃孫,繆荃孫
陸昶,陸昶
翁同龢,翁同龢
彭蘊章,彭蘊章
李慈銘,李慈銘
張金鏞,張金鏞
沈德潛,沈德潛
葉觀國,葉觀國
謝章鋌,謝章鋌
張之萬,張之萬
潘世恩,潘世恩
端木埰,端木埰
吳錫麒,吳錫麒
吳烜,吳烜
姚元之,姚元之
陳鑾,陳鑾
汪端,汪端
林則徐,林則徐
戈宙襄,戈宙襄
方泰,方泰
惲格,惲格
張琦,張琦
吳贊,吳贊
吳綺,吳綺
殷兆鏞,殷兆鏞
王仁堪,王仁堪
陳廷敬,陳廷敬
尤侗,尤侗
楊賓,楊賓
張英,張英
徐映玉,徐映玉
姚文田,姚文田
徐熊飛,徐熊飛
許孟淵,許孟淵
張廷玉,張廷玉
孫嘉淦,孫嘉淦
謝墉,謝墉
彭啟豐,彭啟豐
王熙,王熙
程國仁,程國仁
閻泰和,閻泰和
金甡,金甡
王引之,王引之
戴均元,戴均元
王植,王植
王鼎,王鼎
趙大鯨,趙大鯨
蔣溥,蔣溥
西林覺羅鄂爾泰,西林覺羅鄂爾泰
熊賜履,熊賜履
富察福敏,富察福敏
衛周祚,衛周祚
烏齊格里倭仁,烏齊格里倭仁
伊爾根覺羅顧八代,伊爾根覺羅顧八代
成克鞏,成克鞏
程祖洛,程祖洛
朱士彥,朱士彥
朱鳳標,朱鳳標
董邦達,董邦達
何桂清,何桂清
翁叔元,翁叔元
陳宏謀,陳宏謀
王太岳,王太岳
王文錦,王文錦
蔣文慶,蔣文慶
薛允升,薛允升
錢寶琛,錢寶琛
湯金釗,湯金釗
趙炳言,趙炳言
萬青藜,萬青藜
楊以增,楊以增
張廷璐,張廷璐
傅繩勛,傅繩勛
卿祖培,卿祖培
單懋謙,單懋謙
曾璧光,曾璧光
馮培元,馮培元
白鎔,白鎔
黃彭年,黃彭年
黃贊湯,黃贊湯
梁萼涵,梁萼涵
莫晉,莫晉
毛樹棠,毛樹棠
史評,史評
李文田,李文田
李宗傳,李宗傳
李宗瀚,李宗瀚
李振祜,李振祜
李端棻,李端棻
李鴻藻,李鴻藻
李紱,李紱
李菡,李菡
李光地,李光地
孔昭虔,孔昭虔
卓秉恬,卓秉恬
周系英,周系英
李潢,李潢
王丙,王丙
張琴,張琴
文格,文格
鄭世任,鄭世任
汪鳴鑾,汪鳴鑾
孫毓汶,孫毓汶
何紹基,何紹基
吳可讀,吳可讀
吳存義,吳存義
吳式芬,吳式芬
季芝昌,季芝昌
杜受田,杜受田
孟超然,孟超然
沈學厚,沈學厚
徐士芬,徐士芬
陳邦彥,陳邦彥
郭嵩燾,郭嵩燾
王青蓮,王青蓮
王惟諴,王惟諴
王贈芳,王贈芳
李瑞清,李瑞清
傅冠,傅冠
文廷式,文廷式
蔡懋德,蔡懋德
胡煦,胡煦
福申,福申
朱祖謀,朱祖謀
萬元吉,萬元吉
袁銑,袁銑
黃體芳,黃體芳
呂朝瑞,呂朝瑞
張雲藻,張雲藻
張錫庚,張錫庚
張德彜,張德彜
李聯琇,李聯琇
徐郙,徐郙
戴璐,戴璐
車克慎,車克慎
郭祥瑞,郭祥瑞
吳福年,吳福年
吳樹梅,吳樹梅
王夫之,王夫之
李顒,李顒
劉逢祿,劉逢祿
王原祁,王原祁
袁繼咸,袁繼咸
阮大鋮,阮大鋮
吳大受,吳大受
王鑑,王鑑
崔述,崔述
邵晉涵,邵晉涵
張煌言,張煌言
鄧石如,鄧石如
張維屏,張維屏
查繼佐,查繼佐
應撝謙,應撝謙
黃道周,黃道周
惲敬,惲敬
羅澤南,羅澤南
朱之瑜,朱之瑜
朱珔,朱珔
何秋濤,何秋濤
周玉麒,周玉麒
顧棟高,顧棟高
蔡世遠,蔡世遠
姚堃,姚堃
毛式郇,毛式郇
佟佳法海,佟佳法海
范棫士,范棫士
王先謙,王先謙
王國維,王國維
丁芸芳,丁芸芳
馬釗,馬釗
馬疏,馬疏
方球,方球
方粹然,方粹然
鄧元昌,鄧元昌
冉覲祖,冉覲祖
史孝咸,史孝咸
馮雲驌,馮雲驌
成孺,成孺
呂夢飛,呂夢飛
朱用純,朱用純
朱次琦,朱次琦
朱栻之,朱栻之
喬守敬,喬守敬
劉大櫆,劉大櫆
劉文麟,劉文麟
劉宅俊,劉宅俊
劉壽曾,劉壽曾
劉熙載,劉熙載
江沅,江沅
湯之錡,湯之錡
許鼎,許鼎
許作屏,許作屏
孫景烈,孫景烈
勞史,勞史
楊文會,楊文會
楊維屏,楊維屏
李銳,李銳
李世熊,李世熊
吳子光,吳子光
吳懋政,吳懋政
何又雄,何又雄
汪份,汪份
汪紱,汪紱
沈曰富,沈曰富
沈國模,沈國模
宋其沅,宋其沅
宋翔鳳,宋翔鳳
張寅,張寅
張士元,張士元
張觀美,張觀美
張若采,張若采
張躍鱗,張躍鱗
陸沅,陸沅
陸瓚,陸瓚
陸元輔,陸元輔
陳瑚,陳瑚
陳鍔,陳鍔
陳瀚,陳瀚
陳壽熊,陳壽熊
陳紹棠,陳紹棠
陳肇昌,陳肇昌
歐陽中鵠,歐陽中鵠
羅典,羅典
周思敏,周思敏
鄭簠,鄭簠
鄭紹謙,鄭紹謙
鄭敷教,鄭敷教
宗元醇,宗元醇
項名達,項名達
趙自新,趙自新
胡爾愷,胡爾愷
查士標,查士標
施國祁,施國祁
姚光晉,姚光晉
夏鼎,夏鼎
顧廣譽,顧廣譽
錢陸燦,錢陸燦
徐孚遠,徐孚遠
高世泰,高世泰
凌曙,凌曙
黃式三,黃式三
黃安濤,黃安濤
曹孚,曹孚
曹仁虎,曹仁虎
曹本榮,曹本榮
鄂恆,鄂恆
彭士望,彭士望
蔣仁榮,蔣仁榮
韓煇,韓煇
韓夢周,韓夢周
景日昣,景日昣
喻昌,喻昌
程焜,程焜
魯鴻,魯鴻
童鈺,童鈺
溫肅,溫肅
溫璜,溫璜
游光繹,游光繹
謝文洊,謝文洊
管慶祺,管慶祺
譚宗浚,譚宗浚
黎元寬,黎元寬
滕綱,滕綱
戴笠,戴笠
張溥,張溥
王氏(謝琳英伯母),王氏(謝琳英伯母)
朱芳徽,朱芳徽
井在,井在
黃端伯,黃端伯
邵齊燾,邵齊燾
汪文臺,汪文臺
潘德輿,潘德輿
丁雲鵬,丁雲鵬
左光斗,左光斗
朱集璜,朱集璜
徐汧,徐汧
鹿善繼,鹿善繼
劉永錫,劉永錫
魏文魁,魏文魁
蘇濬,蘇濬
鮑梓,鮑梓
李若龍,李若龍
孫憲儀,孫憲儀
張瑛,張瑛
文慶,文慶
郭潔,郭潔
許乃賡,許乃賡
許前軫,許前軫
麟書,麟書
王錫琯,王錫琯
張姚錫,張姚錫
尹繼善,尹繼善
何森林,何森林
何煜,何煜
崔錫華,崔錫華
倭仁,倭仁
傅景錞,傅景錞
德興,德興
朱以升,朱以升
穆彰阿,穆彰阿
徐盛持,徐盛持
宋鳴琦,宋鳴琦
潘庭筠,潘庭筠
梁葆慶,梁葆慶
沈學廉,沈學廉
溫廷獻,溫廷獻
湯景和,湯景和
志銳,志銳
李良模,李良模
莊瑤,莊瑤
萬兆霖,萬兆霖
韓天垣,韓天垣
黃洙,黃洙
蔡履元,蔡履元
觀保,觀保
賀崇禧,賀崇禧
柏葰,柏葰
楊繩武,楊繩武
楊明善,楊明善
恩桂,恩桂
明安圖,明安圖
馬俊良,馬俊良
劉遵和,劉遵和
陸泌,陸泌
陳序球,陳序球
介福,介福
羅翽雲,羅翽雲
牛金星,牛金星
華衡芳,華衡芳
吳太冲,吳太冲
張崇懿,張崇懿
侯承慶,侯承慶
趙烈,趙烈
趙連茹,趙連茹
李錫瓚,李錫瓚
楊曉春,楊曉春
饒謙,饒謙
俞帝頒,俞帝頒
厚慶,厚慶
程元棫,程元棫
馮淑,馮淑
徐廷英,徐廷英
張松齡,張松齡
范新,范新
劉勳,劉勳
趙丙奎,趙丙奎
李如蘭,李如蘭
錢均,錢均
趙士霖,趙士霖
魏繼相,魏繼相
姚伊憲,姚伊憲
吳康圻,吳康圻
何烺,何烺
周龍章,周龍章
陸炳奎,陸炳奎
張銘,張銘
萬臺,萬臺
闞惟寅,闞惟寅
彭運亨,彭運亨
趙國鼎,趙國鼎
余淩雲,余淩雲
楊南村,楊南村
楊楚林,楊楚林
顧簣山,顧簣山
邱石香,邱石香
宛名震,宛名震
楊芳騰,楊芳騰
楊翔龍,楊翔龍
顧曾,顧曾
王安瀾,王安瀾
叢貞一,叢貞一
叢五瑞,叢五瑞
竇欲峻,竇欲峻
張存素,張存素
姜宮綬,姜宮綬
李申耆,李申耆
池天榮,池天榮
丁錦堂,丁錦堂
何士客,何士客
何應松,何應松
何文安,何文安
何道州,何道州
余存吾,余存吾
余鼎三,余鼎三
俞君輿,俞君輿
俞浚明,俞浚明
倪觀湖,倪觀湖
傅光日,傅光日
釋函昰,釋函昰
劉國霖,劉國霖
劉燮臣,劉燮臣
劉見田,劉見田
劉鶴鳴,劉鶴鳴
包進臣,包進臣
匡名源,匡名源
南雷公,南雷公
史玉瓚,史玉瓚
史鴻舉,史鴻舉
吳一清,吳一清
吳少華,吳少華
吳持明,吳持明
吳洞霄,吳洞霄
吳雲峰,吳雲峰
呂翼文,呂翼文
周士宏,周士宏
周雲陔,周雲陔
唐仁義,唐仁義
唐仲勉,唐仲勉
唐古忒,唐古忒
單師南,單師南
嚴寶成,嚴寶成
姚姫傳,姚姫傳
姚文僖,姚文僖
孫台衡,孫台衡
孫逢奇,孫逢奇
宓如椿,宓如椿
尹元孚,尹元孚
廬錦,廬錦
張小軒,張小軒
張廣雅,張廣雅
張欲釗,張欲釗
張泰卿,張泰卿
張浦山,張浦山
張看雲,張看雲
張策時,張策時
張而素,張而素
張蓮濤,張蓮濤
張錫蕃,張錫蕃
彭元端,彭元端
彭芸楣,彭芸楣
恩文肅,恩文肅
戴文瑞,戴文瑞
戴鈞元,戴鈞元
朱九疇,朱九疇
朱文端,朱文端
朱鼎超,朱鼎超
朱鼐,朱鼐
李北海,李北海
李尚之,李尚之
李崶,李崶
李晴山,李晴山
李洛譜,李洛譜
李豫德,李豫德
杜文正,杜文正
林樂知,林樂知
林洊,林洊
林翥坡,林翥坡
梁殿勤,梁殿勤
梁騮藻,梁騮藻
楊文叔,楊文叔
楊祖健,楊祖健
楊輝宁,楊輝宁
樊介軒,樊介軒
江聲善,江聲善
汪世麟,汪世麟
汪若紀,汪若紀
沈世楷,沈世楷
沈兼士,沈兼士
沈玉叔,沈玉叔
沈石田,沈石田
沙布嚨普爾覺羅布藏楚稱甲木巴勒嘉木瑳,沙布嚨普爾覺羅布藏楚稱甲木巴勒嘉木瑳
浪杖人,浪杖人
潘文恭,潘文恭
烏爾恭額,烏爾恭額
王乙齋,王乙齋
王古堂,王古堂
王徵南,王徵南
王朝輅,王朝輅
申敦賢,申敦賢
石室老人,石室老人
石電,石電
研國,研國
研孰,研孰
福濟房,福濟房
羅王賓,羅王賓
胡嗣寅,胡嗣寅
胡心泉,胡心泉
莊存與,莊存與
華喦,華喦
菽水,菽水
董文恭,董文恭
蔡一帆,蔡一帆
蔡吳壽,蔡吳壽
蔡用錫,蔡用錫
蔣崧,蔣崧
蔣鼎山,蔣鼎山
蕭以莊,蕭以莊
蕭山湯,蕭山湯
謝四,謝四
費寶鍔,費寶鍔
賈琻,賈琻
趙師光,趙師光
趙烈府,趙烈府
趙錫之,趙錫之
車克愼,車克愼
郭蘭石,郭蘭石
錢圓沙,錢圓沙
陰靜夫,陰靜夫
陳句山,陳句山
陳士杰,陳士杰
陳碩父,陳碩父
青籐老人,青籐老人
韓昌黎,韓昌黎
高澍,高澍
高祖汪廷珍,高祖汪廷珍
魯山木,魯山木
黃宗彜,黃宗彜
黃心齡,黃心齡
借巢老人,借巢老人
耕庵老人,耕庵老人
余斌,余斌
劉文蔚,劉文蔚
呂洪,呂洪
張珂,張珂
吳和甫,吳和甫
馮景亭,馮景亭
陶奭齡,陶奭齡
方繼赤,方繼赤
潘繼武,潘繼武
管宗聖,管宗聖
范瞻雲,范瞻雲
劉原起,劉原起
郁文,郁文
